Workbook

Sheet Set recomendado
A1: Jugador | B1: Tipo de Slot | C1: Prioridad
A2: Hoshiumi | B2: Poder vibrante | C2: 1
A3: Hoshiumi | B3: Incremento de poder | C3: 2
A4: Hoshiumi | B4: Potenciación de la moral | C4: 3
A5: Hoshiumi | B5: Opt. de estado | C5: 4
A6: Kyotani | B6: Poder vibrante | C6: 1
A7: Kyotani | B7: Incremento de poder | C7: 2
A8: Kyotani | B8: Potenciación de la moral | C8: 3
A9: Kyotani | B9: Opt. de estado | C9: 4
A10: Iwaizumi | B10: Poder vibrante | C10: 1
A11: Iwaizumi | B11: Incremento de poder | C11: 2
A12: Iwaizumi | B12: Potenciación de la moral | C12: 3
A13: Iwaizumi | B13: Opt. de estado | C13: 4
... A58: Yamamoto | B58: Opt. de estado | C58: 4

Sheet Stats recomendados
A1: Jugador | B1: Puntos | C1: Substats
A2: Hoshiumi | B2: 4 | C2: Ataque poderoso
A3: Hoshiumi | B3: 3 | C3: Percepción
A4: Hoshiumi | B4: 3 | C4: Fuerza
A5: Hoshiumi | B5: 2 | C5: Técnica ofensiva
A6: Hoshiumi | B6: 1 | C6: Saque
A7: Hoshiumi | B7: 1 | C7: Bloqueo
A8: Hoshiumi | B8: 1 | C8: Recepción
A9: Kyotani | B9: 4 | C9: Ataque poderoso
A10: Kyotani | B10: 3 | C10: Saque
A11: Kyotani | B11: 2 | C11: Percepción
A12: Kyotani | B12: 2 | C12: Fuerza
A13: Kyotani | B13: 1 | C13: Técnica ofensiva
... A122: Yamamoto | B122: 1 | C122: Espíritu

Sheet Inventario1
A1: ID | B1: Calidad | C1: Tipo | D1: Main Stat | E1: Substat1 | F1: Substat2 | G1: Substat3 | H1: Substat4 | I1: Estado Act | J1: Jugador
A2: 1 | B2: Legendario | C2: Pase preciso | D2: Colocación | E2: Recepción | F2: Saque | G2: Ataque rápido | H2: Fuerza | I2: =IF(ISNUMBER(A2), IF(COUNTIFS(Equipar!B:B,1,Equipar!AC:AC,A2),"Equipada", IF( OR(COUNTIFS(Equipar!B:B,1,Equipar!C:C,A2) +COUNTIFS(Equipar!B:B,1,Equipar!D:D,A2) +COUNTIFS(Equipar!B:B,1,Equipar!E:E,A2) +COUNTIFS(Equipar!B:B,1,Equipar!F:F,A2) >0,COUNTIF('Set recomendado'!B:B,C2)=0), "Bloqueada", "Desechable")),"" ) -> Equipada | J2: {=IF(ISNUMBER(A2),IFERROR(_xlfn._xlws.FILTER(Equipar!A:A,(Equipar!B:B=1)*(Equipar!AC:AC=A2)),""),"")} -> Oikawa
A3: 2 | B3: Legendario | C3: Poder vibrante | D3: Ataque poderoso | E3: Recepción | F3: Ataque rápido | G3: Recepción | H3: Técnica ofensiva | I3: =IF(ISNUMBER(A3), IF(COUNTIFS(Equipar!B:B,1,Equipar!AC:AC,A3),"Equipada", IF( OR(COUNTIFS(Equipar!B:B,1,Equipar!C:C,A3) +COUNTIFS(Equipar!B:B,1,Equipar!D:D,A3) +COUNTIFS(Equipar!B:B,1,Equipar!E:E,A3) +COUNTIFS(Equipar!B:B,1,Equipar!F:F,A3) >0,COUNTIF('Set recomendado'!B:B,C3)=0), "Bloqueada", "Desechable")),"" ) -> Equipada | J3: {=IF(ISNUMBER(A3),IFERROR(_xlfn._xlws.FILTER(Equipar!A:A,(Equipar!B:B=1)*(Equipar!AC:AC=A3)),""),"")} -> Sakusa
A4: 3 | B4: Legendario | C4: Poder vibrante | D4: Ataque poderoso | E4: Ataque poderoso | F4: Ataque rápido | G4: Recepción | H4: Recuperación | I4: =IF(ISNUMBER(A4), IF(COUNTIFS(Equipar!B:B,1,Equipar!AC:AC,A4),"Equipada", IF( OR(COUNTIFS(Equipar!B:B,1,Equipar!C:C,A4) +COUNTIFS(Equipar!B:B,1,Equipar!D:D,A4) +COUNTIFS(Equipar!B:B,1,Equipar!E:E,A4) +COUNTIFS(Equipar!B:B,1,Equipar!F:F,A4) >0,COUNTIF('Set recomendado'!B:B,C4)=0), "Bloqueada", "Desechable")),"" ) -> Equipada | J4: {=IF(ISNUMBER(A4),IFERROR(_xlfn._xlws.FILTER(Equipar!A:A,(Equipar!B:B=1)*(Equipar!AC:AC=A4)),""),"")} -> Tanaka
A5: 4 | B5: Legendario | C5: Incremento de poder | D5: Ataque poderoso | E5: Bloqueo | F5: Saque | G5: Saque | H5: Fuerza | I5: =IF(ISNUMBER(A5), IF(COUNTIFS(Equipar!B:B,1,Equipar!AC:AC,A5),"Equipada", IF( OR(COUNTIFS(Equipar!B:B,1,Equipar!C:C,A5) +COUNTIFS(Equipar!B:B,1,Equipar!D:D,A5) +COUNTIFS(Equipar!B:B,1,Equipar!E:E,A5) +COUNTIFS(Equipar!B:B,1,Equipar!F:F,A5) >0,COUNTIF('Set recomendado'!B:B,C5)=0), "Bloqueada", "Desechable")),"" ) -> Equipada | J5: {=IF(ISNUMBER(A5),IFERROR(_xlfn._xlws.FILTER(Equipar!A:A,(Equipar!B:B=1)*(Equipar!AC:AC=A5)),""),"")} -> Hoshiumi
A6: 5 | B6: Legendario | C6: Bloque preciso | D6: Bloqueo | E6: Bloqueo | F6: Colocación | G6: Ataque rápido | H6: Ataque rápido | I6: =IF(ISNUMBER(A6), IF(COUNTIFS(Equipar!B:B,1,Equipar!AC:AC,A6),"Equipada", IF( OR(COUNTIFS(Equipar!B:B,1,Equipar!C:C,A6) +COUNTIFS(Equipar!B:B,1,Equipar!D:D,A6) +COUNTIFS(Equipar!B:B,1,Equipar!E:E,A6) +COUNTIFS(Equipar!B:B,1,Equipar!F:F,A6) >0,COUNTIF('Set recomendado'!B:B,C6)=0), "Bloqueada", "Desechable")),"" ) -> Equipada | J6: {=IF(ISNUMBER(A6),IFERROR(_xlfn._xlws.FILTER(Equipar!A:A,(Equipar!B:B=1)*(Equipar!AC:AC=A6)),""),"")} -> Hirugami
A7: 6 | B7: Legendario | C7: Opt. de percepción | D7: Ataque rápido | E7: Ataque poderoso | F7: Recepción | G7: Percepción | H7: Saque | I7: =IF(ISNUMBER(A7), IF(COUNTIFS(Equipar!B:B,1,Equipar!AC:AC,A7),"Equipada", IF( OR(COUNTIFS(Equipar!B:B,1,Equipar!C:C,A7) +COUNTIFS(Equipar!B:B,1,Equipar!D:D,A7) +COUNTIFS(Equipar!B:B,1,Equipar!E:E,A7) +COUNTIFS(Equipar!B:B,1,Equipar!F:F,A7) >0,COUNTIF('Set recomendado'!B:B,C7)=0), "Bloqueada", "Desechable")),"" ) -> Bloqueada | J7: {=IF(ISNUMBER(A7),IFERROR(_xlfn._xlws.FILTER(Equipar!A:A,(Equipar!B:B=1)*(Equipar!AC:AC=A7)),""),"")}
A8: 7 | B8: Legendario | C8: Opt. de percepción | D8: Ataque rápido | E8: Recuperación | F8: Saque | G8: Recuperación | I8: =IF(ISNUMBER(A8), IF(COUNTIFS(Equipar!B:B,1,Equipar!AC:AC,A8),"Equipada", IF( OR(COUNTIFS(Equipar!B:B,1,Equipar!C:C,A8) +COUNTIFS(Equipar!B:B,1,Equipar!D:D,A8) +COUNTIFS(Equipar!B:B,1,Equipar!E:E,A8) +COUNTIFS(Equipar!B:B,1,Equipar!F:F,A8) >0,COUNTIF('Set recomendado'!B:B,C8)=0), "Bloqueada", "Desechable")),"" ) -> Bloqueada | J8: {=IF(ISNUMBER(A8),IFERROR(_xlfn._xlws.FILTER(Equipar!A:A,(Equipar!B:B=1)*(Equipar!AC:AC=A8)),""),"")}
A9: 8 | B9: Legendario | C9: Guardia contundente | D9: Bloqueo | E9: Bloqueo | F9: Colocación | G9: Saque | I9: =IF(ISNUMBER(A9), IF(COUNTIFS(Equipar!B:B,1,Equipar!AC:AC,A9),"Equipada", IF( OR(COUNTIFS(Equipar!B:B,1,Equipar!C:C,A9) +COUNTIFS(Equipar!B:B,1,Equipar!D:D,A9) +COUNTIFS(Equipar!B:B,1,Equipar!E:E,A9) +COUNTIFS(Equipar!B:B,1,Equipar!F:F,A9) >0,COUNTIF('Set recomendado'!B:B,C9)=0), "Bloqueada", "Desechable")),"" ) -> Desechable | J9: {=IF(ISNUMBER(A9),IFERROR(_xlfn._xlws.FILTER(Equipar!A:A,(Equipar!B:B=1)*(Equipar!AC:AC=A9)),""),"")}
A10: 9 | B10: Legendario | C10: Pase preciso | D10: Colocación | E10: Ataque rápido | F10: Fuerza | G10: Recuperación | I10: =IF(ISNUMBER(A10), IF(COUNTIFS(Equipar!B:B,1,Equipar!AC:AC,A10),"Equipada", IF( OR(COUNTIFS(Equipar!B:B,1,Equipar!C:C,A10) +COUNTIFS(Equipar!B:B,1,Equipar!D:D,A10) +COUNTIFS(Equipar!B:B,1,Equipar!E:E,A10) +COUNTIFS(Equipar!B:B,1,Equipar!F:F,A10) >0,COUNTIF('Set recomendado'!B:B,C10)=0), "Bloqueada", "Desechable")),"" ) -> Desechable | J10: {=IF(ISNUMBER(A10),IFERROR(_xlfn._xlws.FILTER(Equipar!A:A,(Equipar!B:B=1)*(Equipar!AC:AC=A10)),""),"")}
A11: 10 | B11: Legendario | C11: Pase preciso | D11: Colocación | E11: Ataque poderoso | F11: Colocación | G11: Técnica ofensiva | I11: =IF(ISNUMBER(A11), IF(COUNTIFS(Equipar!B:B,1,Equipar!AC:AC,A11),"Equipada", IF( OR(COUNTIFS(Equipar!B:B,1,Equipar!C:C,A11) +COUNTIFS(Equipar!B:B,1,Equipar!D:D,A11) +COUNTIFS(Equipar!B:B,1,Equipar!E:E,A11) +COUNTIFS(Equipar!B:B,1,Equipar!F:F,A11) >0,COUNTIF('Set recomendado'!B:B,C11)=0), "Bloqueada", "Desechable")),"" ) -> Bloqueada | J11: {=IF(ISNUMBER(A11),IFERROR(_xlfn._xlws.FILTER(Equipar!A:A,(Equipar!B:B=1)*(Equipar!AC:AC=A11)),""),"")}
A12: 11 | B12: Legendario | C12: Poder vibrante | D12: Ataque poderoso | E12: Recuperación | F12: Percepción | G12: Bloqueo | H12: Ataque rápido | I12: =IF(ISNUMBER(A12), IF(COUNTIFS(Equipar!B:B,1,Equipar!AC:AC,A12),"Equipada", IF( OR(COUNTIFS(Equipar!B:B,1,Equipar!C:C,A12) +COUNTIFS(Equipar!B:B,1,Equipar!D:D,A12) +COUNTIFS(Equipar!B:B,1,Equipar!E:E,A12) +COUNTIFS(Equipar!B:B,1,Equipar!F:F,A12) >0,COUNTIF('Set recomendado'!B:B,C12)=0), "Bloqueada", "Desechable")),"" ) -> Desechable | J12: {=IF(ISNUMBER(A12),IFERROR(_xlfn._xlws.FILTER(Equipar!A:A,(Equipar!B:B=1)*(Equipar!AC:AC=A12)),""),"")}
A13: 12 | B13: Legendario | C13: Poder vibrante | D13: Ataque poderoso | E13: Recuperación | F13: Saque | G13: Técnica defensiva | I13: =IF(ISNUMBER(A13), IF(COUNTIFS(Equipar!B:B,1,Equipar!AC:AC,A13),"Equipada", IF( OR(COUNTIFS(Equipar!B:B,1,Equipar!C:C,A13) +COUNTIFS(Equipar!B:B,1,Equipar!D:D,A13) +COUNTIFS(Equipar!B:B,1,Equipar!E:E,A13) +COUNTIFS(Equipar!B:B,1,Equipar!F:F,A13) >0,COUNTIF('Set recomendado'!B:B,C13)=0), "Bloqueada", "Desechable")),"" ) -> Desechable | J13: {=IF(ISNUMBER(A13),IFERROR(_xlfn._xlws.FILTER(Equipar!A:A,(Equipar!B:B=1)*(Equipar!AC:AC=A13)),""),"")}
A14: 13 | B14: Legendario | C14: Incremento de poder | D14: Ataque poderoso | E14: Ataque rápido | F14: Espíritu | G14: Saque | I14: =IF(ISNUMBER(A14), IF(COUNTIFS(Equipar!B:B,1,Equipar!AC:AC,A14),"Equipada", IF( OR(COUNTIFS(Equipar!B:B,1,Equipar!C:C,A14) +COUNTIFS(Equipar!B:B,1,Equipar!D:D,A14) +COUNTIFS(Equipar!B:B,1,Equipar!E:E,A14) +COUNTIFS(Equipar!B:B,1,Equipar!F:F,A14) >0,COUNTIF('Set recomendado'!B:B,C14)=0), "Bloqueada", "Desechable")),"" ) -> Desechable | J14: {=IF(ISNUMBER(A14),IFERROR(_xlfn._xlws.FILTER(Equipar!A:A,(Equipar!B:B=1)*(Equipar!AC:AC=A14)),""),"")}
A15: 14 | B15: Legendario | C15: Incremento de poder | D15: Ataque poderoso | E15: Recuperación | F15: Colocación | G15: Bloqueo | I15: =IF(ISNUMBER(A15), IF(COUNTIFS(Equipar!B:B,1,Equipar!AC:AC,A15),"Equipada", IF( OR(COUNTIFS(Equipar!B:B,1,Equipar!C:C,A15) +COUNTIFS(Equipar!B:B,1,Equipar!D:D,A15) +COUNTIFS(Equipar!B:B,1,Equipar!E:E,A15) +COUNTIFS(Equipar!B:B,1,Equipar!F:F,A15) >0,COUNTIF('Set recomendado'!B:B,C15)=0), "Bloqueada", "Desechable")),"" ) -> Desechable | J15: {=IF(ISNUMBER(A15),IFERROR(_xlfn._xlws.FILTER(Equipar!A:A,(Equipar!B:B=1)*(Equipar!AC:AC=A15)),""),"")}
A16: 15 | B16: Legendario | C16: Incremento de poder | D16: Ataque poderoso | E16: Saque | F16: Bloqueo | G16: Espíritu | I16: =IF(ISNUMBER(A16), IF(COUNTIFS(Equipar!B:B,1,Equipar!AC:AC,A16),"Equipada", IF( OR(COUNTIFS(Equipar!B:B,1,Equipar!C:C,A16) +COUNTIFS(Equipar!B:B,1,Equipar!D:D,A16) +COUNTIFS(Equipar!B:B,1,Equipar!E:E,A16) +COUNTIFS(Equipar!B:B,1,Equipar!F:F,A16) >0,COUNTIF('Set recomendado'!B:B,C16)=0), "Bloqueada", "Desechable")),"" ) -> Desechable | J16: {=IF(ISNUMBER(A16),IFERROR(_xlfn._xlws.FILTER(Equipar!A:A,(Equipar!B:B=1)*(Equipar!AC:AC=A16)),""),"")}
A17: 16 | B17: Legendario | C17: Ataque veloz | D17: Ataque rápido | E17: Reflejos | F17: Saque | G17: Fuerza | H17: Recuperación | I17: =IF(ISNUMBER(A17), IF(COUNTIFS(Equipar!B:B,1,Equipar!AC:AC,A17),"Equipada", IF( OR(COUNTIFS(Equipar!B:B,1,Equipar!C:C,A17) +COUNTIFS(Equipar!B:B,1,Equipar!D:D,A17) +COUNTIFS(Equipar!B:B,1,Equipar!E:E,A17) +COUNTIFS(Equipar!B:B,1,Equipar!F:F,A17) >0,COUNTIF('Set recomendado'!B:B,C17)=0), "Bloqueada", "Desechable")),"" ) -> Desechable | J17: {=IF(ISNUMBER(A17),IFERROR(_xlfn._xlws.FILTER(Equipar!A:A,(Equipar!B:B=1)*(Equipar!AC:AC=A17)),""),"")}
A18: 17 | B18: Legendario | C18: Sentido agudo | D18: Ataque rápido | E18: Técnica ofensiva | F18: Ataque poderoso | G18: Recuperación | H18: Bloqueo | I18: =IF(ISNUMBER(A18), IF(COUNTIFS(Equipar!B:B,1,Equipar!AC:AC,A18),"Equipada", IF( OR(COUNTIFS(Equipar!B:B,1,Equipar!C:C,A18) +COUNTIFS(Equipar!B:B,1,Equipar!D:D,A18) +COUNTIFS(Equipar!B:B,1,Equipar!E:E,A18) +COUNTIFS(Equipar!B:B,1,Equipar!F:F,A18) >0,COUNTIF('Set recomendado'!B:B,C18)=0), "Bloqueada", "Desechable")),"" ) -> Bloqueada | J18: {=IF(ISNUMBER(A18),IFERROR(_xlfn._xlws.FILTER(Equipar!A:A,(Equipar!B:B=1)*(Equipar!AC:AC=A18)),""),"")}
A19: 18 | B19: Legendario | C19: Sentido agudo | D19: Ataque rápido | E19: Percepción | F19: Saque | G19: Recepción | I19: =IF(ISNUMBER(A19), IF(COUNTIFS(Equipar!B:B,1,Equipar!AC:AC,A19),"Equipada", IF( OR(COUNTIFS(Equipar!B:B,1,Equipar!C:C,A19) +COUNTIFS(Equipar!B:B,1,Equipar!D:D,A19) +COUNTIFS(Equipar!B:B,1,Equipar!E:E,A19) +COUNTIFS(Equipar!B:B,1,Equipar!F:F,A19) >0,COUNTIF('Set recomendado'!B:B,C19)=0), "Bloqueada", "Desechable")),"" ) -> Desechable | J19: {=IF(ISNUMBER(A19),IFERROR(_xlfn._xlws.FILTER(Equipar!A:A,(Equipar!B:B=1)*(Equipar!AC:AC=A19)),""),"")}
A20: 19 | B20: Legendario | C20: Sentido agudo | D20: Ataque rápido | E20: Bloqueo | F20: Saque | G20: Ataque rápido | I20: =IF(ISNUMBER(A20), IF(COUNTIFS(Equipar!B:B,1,Equipar!AC:AC,A20),"Equipada", IF( OR(COUNTIFS(Equipar!B:B,1,Equipar!C:C,A20) +COUNTIFS(Equipar!B:B,1,Equipar!D:D,A20) +COUNTIFS(Equipar!B:B,1,Equipar!E:E,A20) +COUNTIFS(Equipar!B:B,1,Equipar!F:F,A20) >0,COUNTIF('Set recomendado'!B:B,C20)=0), "Bloqueada", "Desechable")),"" ) -> Equipada | J20: {=IF(ISNUMBER(A20),IFERROR(_xlfn._xlws.FILTER(Equipar!A:A,(Equipar!B:B=1)*(Equipar!AC:AC=A20)),""),"")} -> Hinata
A21: 20 | B21: Legendario | C21: Bloque preciso | D21: Bloqueo | E21: Saque | F21: Bloqueo | G21: Ataque poderoso | I21: =IF(ISNUMBER(A21), IF(COUNTIFS(Equipar!B:B,1,Equipar!AC:AC,A21),"Equipada", IF( OR(COUNTIFS(Equipar!B:B,1,Equipar!C:C,A21) +COUNTIFS(Equipar!B:B,1,Equipar!D:D,A21) +COUNTIFS(Equipar!B:B,1,Equipar!E:E,A21) +COUNTIFS(Equipar!B:B,1,Equipar!F:F,A21) >0,COUNTIF('Set recomendado'!B:B,C21)=0), "Bloqueada", "Desechable")),"" ) -> Equipada | J21: {=IF(ISNUMBER(A21),IFERROR(_xlfn._xlws.FILTER(Equipar!A:A,(Equipar!B:B=1)*(Equipar!AC:AC=A21)),""),"")} -> Suna
A22: 21 | B22: Legendario | C22: Bloque preciso | D22: Bloqueo | E22: Fuerza | F22: Colocación | G22: Saque | I22: =IF(ISNUMBER(A22), IF(COUNTIFS(Equipar!B:B,1,Equipar!AC:AC,A22),"Equipada", IF( OR(COUNTIFS(Equipar!B:B,1,Equipar!C:C,A22) +COUNTIFS(Equipar!B:B,1,Equipar!D:D,A22) +COUNTIFS(Equipar!B:B,1,Equipar!E:E,A22) +COUNTIFS(Equipar!B:B,1,Equipar!F:F,A22) >0,COUNTIF('Set recomendado'!B:B,C22)=0), "Bloqueada", "Desechable")),"" ) -> Desechable | J22: {=IF(ISNUMBER(A22),IFERROR(_xlfn._xlws.FILTER(Equipar!A:A,(Equipar!B:B=1)*(Equipar!AC:AC=A22)),""),"")}
A23: 22 | B23: Legendario | C23: Bloque preciso | D23: Bloqueo | E23: Bloqueo | F23: Espíritu | G23: Recepción | I23: =IF(ISNUMBER(A23), IF(COUNTIFS(Equipar!B:B,1,Equipar!AC:AC,A23),"Equipada", IF( OR(COUNTIFS(Equipar!B:B,1,Equipar!C:C,A23) +COUNTIFS(Equipar!B:B,1,Equipar!D:D,A23) +COUNTIFS(Equipar!B:B,1,Equipar!E:E,A23) +COUNTIFS(Equipar!B:B,1,Equipar!F:F,A23) >0,COUNTIF('Set recomendado'!B:B,C23)=0), "Bloqueada", "Desechable")),"" ) -> Bloqueada | J23: {=IF(ISNUMBER(A23),IFERROR(_xlfn._xlws.FILTER(Equipar!A:A,(Equipar!B:B=1)*(Equipar!AC:AC=A23)),""),"")}
A24: 23 | B24: Legendario | C24: Bloque preciso | D24: Bloqueo | E24: Recuperación | F24: Ataque rápido | G24: Colocación | I24: =IF(ISNUMBER(A24), IF(COUNTIFS(Equipar!B:B,1,Equipar!AC:AC,A24),"Equipada", IF( OR(COUNTIFS(Equipar!B:B,1,Equipar!C:C,A24) +COUNTIFS(Equipar!B:B,1,Equipar!D:D,A24) +COUNTIFS(Equipar!B:B,1,Equipar!E:E,A24) +COUNTIFS(Equipar!B:B,1,Equipar!F:F,A24) >0,COUNTIF('Set recomendado'!B:B,C24)=0), "Bloqueada", "Desechable")),"" ) -> Desechable | J24: {=IF(ISNUMBER(A24),IFERROR(_xlfn._xlws.FILTER(Equipar!A:A,(Equipar!B:B=1)*(Equipar!AC:AC=A24)),""),"")}
A25: 24 | B25: Legendario | C25: Bloque preciso | D25: Bloqueo | E25: Recepción | F25: Bloqueo | G25: Recuperación | I25: =IF(ISNUMBER(A25), IF(COUNTIFS(Equipar!B:B,1,Equipar!AC:AC,A25),"Equipada", IF( OR(COUNTIFS(Equipar!B:B,1,Equipar!C:C,A25) +COUNTIFS(Equipar!B:B,1,Equipar!D:D,A25) +COUNTIFS(Equipar!B:B,1,Equipar!E:E,A25) +COUNTIFS(Equipar!B:B,1,Equipar!F:F,A25) >0,COUNTIF('Set recomendado'!B:B,C25)=0), "Bloqueada", "Desechable")),"" ) -> Desechable | J25: {=IF(ISNUMBER(A25),IFERROR(_xlfn._xlws.FILTER(Equipar!A:A,(Equipar!B:B=1)*(Equipar!AC:AC=A25)),""),"")}
A26: 25 | B26: Legendario | C26: Bloque preciso | D26: Bloqueo | E26: Ataque poderoso | F26: Saque | G26: Colocación | I26: =IF(ISNUMBER(A26), IF(COUNTIFS(Equipar!B:B,1,Equipar!AC:AC,A26),"Equipada", IF( OR(COUNTIFS(Equipar!B:B,1,Equipar!C:C,A26) +COUNTIFS(Equipar!B:B,1,Equipar!D:D,A26) +COUNTIFS(Equipar!B:B,1,Equipar!E:E,A26) +COUNTIFS(Equipar!B:B,1,Equipar!F:F,A26) >0,COUNTIF('Set recomendado'!B:B,C26)=0), "Bloqueada", "Desechable")),"" ) -> Desechable | J26: {=IF(ISNUMBER(A26),IFERROR(_xlfn._xlws.FILTER(Equipar!A:A,(Equipar!B:B=1)*(Equipar!AC:AC=A26)),""),"")}
A27: 26 | B27: Legendario | C27: Movimiento de bloqueo | D27: Bloqueo | E27: Saque | F27: Bloqueo | G27: Ataque rápido | I27: =IF(ISNUMBER(A27), IF(COUNTIFS(Equipar!B:B,1,Equipar!AC:AC,A27),"Equipada", IF( OR(COUNTIFS(Equipar!B:B,1,Equipar!C:C,A27) +COUNTIFS(Equipar!B:B,1,Equipar!D:D,A27) +COUNTIFS(Equipar!B:B,1,Equipar!E:E,A27) +COUNTIFS(Equipar!B:B,1,Equipar!F:F,A27) >0,COUNTIF('Set recomendado'!B:B,C27)=0), "Bloqueada", "Desechable")),"" ) -> Equipada | J27: {=IF(ISNUMBER(A27),IFERROR(_xlfn._xlws.FILTER(Equipar!A:A,(Equipar!B:B=1)*(Equipar!AC:AC=A27)),""),"")} -> Kuroo
A28: 27 | B28: Legendario | C28: Recepción de asistencia | D28: Recepción | E28: Fuerza | F28: Saque | G28: Recepción | H28: Recepción | I28: =IF(ISNUMBER(A28), IF(COUNTIFS(Equipar!B:B,1,Equipar!AC:AC,A28),"Equipada", IF( OR(COUNTIFS(Equipar!B:B,1,Equipar!C:C,A28) +COUNTIFS(Equipar!B:B,1,Equipar!D:D,A28) +COUNTIFS(Equipar!B:B,1,Equipar!E:E,A28) +COUNTIFS(Equipar!B:B,1,Equipar!F:F,A28) >0,COUNTIF('Set recomendado'!B:B,C28)=0), "Bloqueada", "Desechable")),"" ) -> Equipada | J28: {=IF(ISNUMBER(A28),IFERROR(_xlfn._xlws.FILTER(Equipar!A:A,(Equipar!B:B=1)*(Equipar!AC:AC=A28)),""),"")} -> Komori
A29: 28 | B29: Legendario | C29: Recepción de asistencia | D29: Recepción | E29: Ataque poderoso | F29: Ataque poderoso | G29: Bloqueo | H29: Espíritu | I29: =IF(ISNUMBER(A29), IF(COUNTIFS(Equipar!B:B,1,Equipar!AC:AC,A29),"Equipada", IF( OR(COUNTIFS(Equipar!B:B,1,Equipar!C:C,A29) +COUNTIFS(Equipar!B:B,1,Equipar!D:D,A29) +COUNTIFS(Equipar!B:B,1,Equipar!E:E,A29) +COUNTIFS(Equipar!B:B,1,Equipar!F:F,A29) >0,COUNTIF('Set recomendado'!B:B,C29)=0), "Bloqueada", "Desechable")),"" ) -> Equipada | J29: {=IF(ISNUMBER(A29),IFERROR(_xlfn._xlws.FILTER(Equipar!A:A,(Equipar!B:B=1)*(Equipar!AC:AC=A29)),""),"")} -> Kita
A30: 29 | B30: Legendario | C30: Recepción de asistencia | D30: Recepción | E30: Colocación | F30: Técnica ofensiva | G30: Colocación | I30: =IF(ISNUMBER(A30), IF(COUNTIFS(Equipar!B:B,1,Equipar!AC:AC,A30),"Equipada", IF( OR(COUNTIFS(Equipar!B:B,1,Equipar!C:C,A30) +COUNTIFS(Equipar!B:B,1,Equipar!D:D,A30) +COUNTIFS(Equipar!B:B,1,Equipar!E:E,A30) +COUNTIFS(Equipar!B:B,1,Equipar!F:F,A30) >0,COUNTIF('Set recomendado'!B:B,C30)=0), "Bloqueada", "Desechable")),"" ) -> Desechable | J30: {=IF(ISNUMBER(A30),IFERROR(_xlfn._xlws.FILTER(Equipar!A:A,(Equipar!B:B=1)*(Equipar!AC:AC=A30)),""),"")}
A31: 30 | B31: Legendario | C31: Recepción suprema | D31: Recepción | E31: Colocación | F31: Fuerza | G31: Recepción | H31: Ataque rápido | I31: =IF(ISNUMBER(A31), IF(COUNTIFS(Equipar!B:B,1,Equipar!AC:AC,A31),"Equipada", IF( OR(COUNTIFS(Equipar!B:B,1,Equipar!C:C,A31) +COUNTIFS(Equipar!B:B,1,Equipar!D:D,A31) +COUNTIFS(Equipar!B:B,1,Equipar!E:E,A31) +COUNTIFS(Equipar!B:B,1,Equipar!F:F,A31) >0,COUNTIF('Set recomendado'!B:B,C31)=0), "Bloqueada", "Desechable")),"" ) -> Bloqueada | J31: {=IF(ISNUMBER(A31),IFERROR(_xlfn._xlws.FILTER(Equipar!A:A,(Equipar!B:B=1)*(Equipar!AC:AC=A31)),""),"")}
A32: 31 | B32: Legendario | C32: Recepción suprema | D32: Recepción | E32: Ataque poderoso | F32: Bloqueo | G32: Técnica ofensiva | I32: =IF(ISNUMBER(A32), IF(COUNTIFS(Equipar!B:B,1,Equipar!AC:AC,A32),"Equipada", IF( OR(COUNTIFS(Equipar!B:B,1,Equipar!C:C,A32) +COUNTIFS(Equipar!B:B,1,Equipar!D:D,A32) +COUNTIFS(Equipar!B:B,1,Equipar!E:E,A32) +COUNTIFS(Equipar!B:B,1,Equipar!F:F,A32) >0,COUNTIF('Set recomendado'!B:B,C32)=0), "Bloqueada", "Desechable")),"" ) -> Bloqueada | J32: {=IF(ISNUMBER(A32),IFERROR(_xlfn._xlws.FILTER(Equipar!A:A,(Equipar!B:B=1)*(Equipar!AC:AC=A32)),""),"")}
A33: 33 | B33: Legendario | C33: Guardia contundente | D33: Bloqueo | E33: Bloqueo | F33: Ataque poderoso | G33: Colocación | H33: Recuperación | I33: =IF(ISNUMBER(A33), IF(COUNTIFS(Equipar!B:B,1,Equipar!AC:AC,A33),"Equipada", IF( OR(COUNTIFS(Equipar!B:B,1,Equipar!C:C,A33) +COUNTIFS(Equipar!B:B,1,Equipar!D:D,A33) +COUNTIFS(Equipar!B:B,1,Equipar!E:E,A33) +COUNTIFS(Equipar!B:B,1,Equipar!F:F,A33) >0,COUNTIF('Set recomendado'!B:B,C33)=0), "Bloqueada", "Desechable")),"" ) -> Desechable | J33: {=IF(ISNUMBER(A33),IFERROR(_xlfn._xlws.FILTER(Equipar!A:A,(Equipar!B:B=1)*(Equipar!AC:AC=A33)),""),"")}
A34: 34 | B34: Legendario | C34: Opt. de estado | D34: Ataque poderoso | E34: Saque | F34: Reflejos | G34: Recepción | I34: =IF(ISNUMBER(A34), IF(COUNTIFS(Equipar!B:B,1,Equipar!AC:AC,A34),"Equipada", IF( OR(COUNTIFS(Equipar!B:B,1,Equipar!C:C,A34) +COUNTIFS(Equipar!B:B,1,Equipar!D:D,A34) +COUNTIFS(Equipar!B:B,1,Equipar!E:E,A34) +COUNTIFS(Equipar!B:B,1,Equipar!F:F,A34) >0,COUNTIF('Set recomendado'!B:B,C34)=0), "Bloqueada", "Desechable")),"" ) -> Desechable | J34: {=IF(ISNUMBER(A34),IFERROR(_xlfn._xlws.FILTER(Equipar!A:A,(Equipar!B:B=1)*(Equipar!AC:AC=A34)),""),"")}
A35: 35 | B35: Legendario | C35: Opt. de estado | D35: Ataque poderoso | E35: Ataque poderoso | F35: Bloqueo | G35: Espíritu | I35: =IF(ISNUMBER(A35), IF(COUNTIFS(Equipar!B:B,1,Equipar!AC:AC,A35),"Equipada", IF( OR(COUNTIFS(Equipar!B:B,1,Equipar!C:C,A35) +COUNTIFS(Equipar!B:B,1,Equipar!D:D,A35) +COUNTIFS(Equipar!B:B,1,Equipar!E:E,A35) +COUNTIFS(Equipar!B:B,1,Equipar!F:F,A35) >0,COUNTIF('Set recomendado'!B:B,C35)=0), "Bloqueada", "Desechable")),"" ) -> Desechable | J35: {=IF(ISNUMBER(A35),IFERROR(_xlfn._xlws.FILTER(Equipar!A:A,(Equipar!B:B=1)*(Equipar!AC:AC=A35)),""),"")}
A36: 36 | B36: Épico | C36: Ataque veloz | D36: Ataque rápido | E36: Ataque rápido | F36: Percepción | G36: Saque | H36: Recepción | I36: =IF(ISNUMBER(A36), IF(COUNTIFS(Equipar!B:B,1,Equipar!AC:AC,A36),"Equipada", IF( OR(COUNTIFS(Equipar!B:B,1,Equipar!C:C,A36) +COUNTIFS(Equipar!B:B,1,Equipar!D:D,A36) +COUNTIFS(Equipar!B:B,1,Equipar!E:E,A36) +COUNTIFS(Equipar!B:B,1,Equipar!F:F,A36) >0,COUNTIF('Set recomendado'!B:B,C36)=0), "Bloqueada", "Desechable")),"" ) -> Equipada | J36: {=IF(ISNUMBER(A36),IFERROR(_xlfn._xlws.FILTER(Equipar!A:A,(Equipar!B:B=1)*(Equipar!AC:AC=A36)),""),"")} -> Osamu
A37: 37 | B37: Épico | C37: Opt. de percepción | D37: Ataque rápido | E37: Recuperación | F37: Ataque rápido | G37: Ataque poderoso | I37: =IF(ISNUMBER(A37), IF(COUNTIFS(Equipar!B:B,1,Equipar!AC:AC,A37),"Equipada", IF( OR(COUNTIFS(Equipar!B:B,1,Equipar!C:C,A37) +COUNTIFS(Equipar!B:B,1,Equipar!D:D,A37) +COUNTIFS(Equipar!B:B,1,Equipar!E:E,A37) +COUNTIFS(Equipar!B:B,1,Equipar!F:F,A37) >0,COUNTIF('Set recomendado'!B:B,C37)=0), "Bloqueada", "Desechable")),"" ) -> Bloqueada | J37: {=IF(ISNUMBER(A37),IFERROR(_xlfn._xlws.FILTER(Equipar!A:A,(Equipar!B:B=1)*(Equipar!AC:AC=A37)),""),"")}
A38: 38 | B38: Épico | C38: Opt. de percepción | D38: Ataque rápido | E38: Colocación | F38: Recuperación | I38: =IF(ISNUMBER(A38), IF(COUNTIFS(Equipar!B:B,1,Equipar!AC:AC,A38),"Equipada", IF( OR(COUNTIFS(Equipar!B:B,1,Equipar!C:C,A38) +COUNTIFS(Equipar!B:B,1,Equipar!D:D,A38) +COUNTIFS(Equipar!B:B,1,Equipar!E:E,A38) +COUNTIFS(Equipar!B:B,1,Equipar!F:F,A38) >0,COUNTIF('Set recomendado'!B:B,C38)=0), "Bloqueada", "Desechable")),"" ) -> Bloqueada | J38: {=IF(ISNUMBER(A38),IFERROR(_xlfn._xlws.FILTER(Equipar!A:A,(Equipar!B:B=1)*(Equipar!AC:AC=A38)),""),"")}
A39: 39 | B39: Épico | C39: Opt. de percepción | D39: Ataque rápido | E39: Recuperación | F39: Ataque rápido | I39: =IF(ISNUMBER(A39), IF(COUNTIFS(Equipar!B:B,1,Equipar!AC:AC,A39),"Equipada", IF( OR(COUNTIFS(Equipar!B:B,1,Equipar!C:C,A39) +COUNTIFS(Equipar!B:B,1,Equipar!D:D,A39) +COUNTIFS(Equipar!B:B,1,Equipar!E:E,A39) +COUNTIFS(Equipar!B:B,1,Equipar!F:F,A39) >0,COUNTIF('Set recomendado'!B:B,C39)=0), "Bloqueada", "Desechable")),"" ) -> Bloqueada | J39: {=IF(ISNUMBER(A39),IFERROR(_xlfn._xlws.FILTER(Equipar!A:A,(Equipar!B:B=1)*(Equipar!AC:AC=A39)),""),"")}
A40: 40 | B40: Épico | C40: Finta de colocador | D40: Colocación | E40: Ataque poderoso | F40: Bloqueo | I40: =IF(ISNUMBER(A40), IF(COUNTIFS(Equipar!B:B,1,Equipar!AC:AC,A40),"Equipada", IF( OR(COUNTIFS(Equipar!B:B,1,Equipar!C:C,A40) +COUNTIFS(Equipar!B:B,1,Equipar!D:D,A40) +COUNTIFS(Equipar!B:B,1,Equipar!E:E,A40) +COUNTIFS(Equipar!B:B,1,Equipar!F:F,A40) >0,COUNTIF('Set recomendado'!B:B,C40)=0), "Bloqueada", "Desechable")),"" ) -> Desechable | J40: {=IF(ISNUMBER(A40),IFERROR(_xlfn._xlws.FILTER(Equipar!A:A,(Equipar!B:B=1)*(Equipar!AC:AC=A40)),""),"")}
A41: 41 | B41: Épico | C41: Finta de colocador | D41: Colocación | E41: Recuperación | F41: Recepción | I41: =IF(ISNUMBER(A41), IF(COUNTIFS(Equipar!B:B,1,Equipar!AC:AC,A41),"Equipada", IF( OR(COUNTIFS(Equipar!B:B,1,Equipar!C:C,A41) +COUNTIFS(Equipar!B:B,1,Equipar!D:D,A41) +COUNTIFS(Equipar!B:B,1,Equipar!E:E,A41) +COUNTIFS(Equipar!B:B,1,Equipar!F:F,A41) >0,COUNTIF('Set recomendado'!B:B,C41)=0), "Bloqueada", "Desechable")),"" ) -> Desechable | J41: {=IF(ISNUMBER(A41),IFERROR(_xlfn._xlws.FILTER(Equipar!A:A,(Equipar!B:B=1)*(Equipar!AC:AC=A41)),""),"")}
A42: 42 | B42: Épico | C42: Finta de colocador | D42: Colocación | E42: Recepción | F42: Recuperación | G42: Colocación | I42: =IF(ISNUMBER(A42), IF(COUNTIFS(Equipar!B:B,1,Equipar!AC:AC,A42),"Equipada", IF( OR(COUNTIFS(Equipar!B:B,1,Equipar!C:C,A42) +COUNTIFS(Equipar!B:B,1,Equipar!D:D,A42) +COUNTIFS(Equipar!B:B,1,Equipar!E:E,A42) +COUNTIFS(Equipar!B:B,1,Equipar!F:F,A42) >0,COUNTIF('Set recomendado'!B:B,C42)=0), "Bloqueada", "Desechable")),"" ) -> Desechable | J42: {=IF(ISNUMBER(A42),IFERROR(_xlfn._xlws.FILTER(Equipar!A:A,(Equipar!B:B=1)*(Equipar!AC:AC=A42)),""),"")}
A43: 43 | B43: Épico | C43: Guardia contundente | D43: Bloqueo | E43: Ataque poderoso | F43: Recepción | I43: =IF(ISNUMBER(A43), IF(COUNTIFS(Equipar!B:B,1,Equipar!AC:AC,A43),"Equipada", IF( OR(COUNTIFS(Equipar!B:B,1,Equipar!C:C,A43) +COUNTIFS(Equipar!B:B,1,Equipar!D:D,A43) +COUNTIFS(Equipar!B:B,1,Equipar!E:E,A43) +COUNTIFS(Equipar!B:B,1,Equipar!F:F,A43) >0,COUNTIF('Set recomendado'!B:B,C43)=0), "Bloqueada", "Desechable")),"" ) -> Desechable | J43: {=IF(ISNUMBER(A43),IFERROR(_xlfn._xlws.FILTER(Equipar!A:A,(Equipar!B:B=1)*(Equipar!AC:AC=A43)),""),"")}
A44: 44 | B44: Épico | C44: Saque preciso | D44: Colocación | E44: Percepción | F44: Saque | G44: Bloqueo | I44: =IF(ISNUMBER(A44), IF(COUNTIFS(Equipar!B:B,1,Equipar!AC:AC,A44),"Equipada", IF( OR(COUNTIFS(Equipar!B:B,1,Equipar!C:C,A44) +COUNTIFS(Equipar!B:B,1,Equipar!D:D,A44) +COUNTIFS(Equipar!B:B,1,Equipar!E:E,A44) +COUNTIFS(Equipar!B:B,1,Equipar!F:F,A44) >0,COUNTIF('Set recomendado'!B:B,C44)=0), "Bloqueada", "Desechable")),"" ) -> Bloqueada | J44: {=IF(ISNUMBER(A44),IFERROR(_xlfn._xlws.FILTER(Equipar!A:A,(Equipar!B:B=1)*(Equipar!AC:AC=A44)),""),"")}
A45: 45 | B45: Épico | C45: Saque preciso | D45: Colocación | E45: Colocación | F45: Colocación | I45: =IF(ISNUMBER(A45), IF(COUNTIFS(Equipar!B:B,1,Equipar!AC:AC,A45),"Equipada", IF( OR(COUNTIFS(Equipar!B:B,1,Equipar!C:C,A45) +COUNTIFS(Equipar!B:B,1,Equipar!D:D,A45) +COUNTIFS(Equipar!B:B,1,Equipar!E:E,A45) +COUNTIFS(Equipar!B:B,1,Equipar!F:F,A45) >0,COUNTIF('Set recomendado'!B:B,C45)=0), "Bloqueada", "Desechable")),"" ) -> Equipada | J45: {=IF(ISNUMBER(A45),IFERROR(_xlfn._xlws.FILTER(Equipar!A:A,(Equipar!B:B=1)*(Equipar!AC:AC=A45)),""),"")} -> Atsumu
A46: 46 | B46: Épico | C46: Pase preciso | D46: Colocación | E46: Ataque poderoso | F46: Colocación | G46: Saque | I46: =IF(ISNUMBER(A46), IF(COUNTIFS(Equipar!B:B,1,Equipar!AC:AC,A46),"Equipada", IF( OR(COUNTIFS(Equipar!B:B,1,Equipar!C:C,A46) +COUNTIFS(Equipar!B:B,1,Equipar!D:D,A46) +COUNTIFS(Equipar!B:B,1,Equipar!E:E,A46) +COUNTIFS(Equipar!B:B,1,Equipar!F:F,A46) >0,COUNTIF('Set recomendado'!B:B,C46)=0), "Bloqueada", "Desechable")),"" ) -> Equipada | J46: {=IF(ISNUMBER(A46),IFERROR(_xlfn._xlws.FILTER(Equipar!A:A,(Equipar!B:B=1)*(Equipar!AC:AC=A46)),""),"")} -> Sugawara
A47: 47 | B47: Épico | C47: Poder vibrante | D47: Ataque poderoso | E47: Ataque rápido | F47: Saque | I47: =IF(ISNUMBER(A47), IF(COUNTIFS(Equipar!B:B,1,Equipar!AC:AC,A47),"Equipada", IF( OR(COUNTIFS(Equipar!B:B,1,Equipar!C:C,A47) +COUNTIFS(Equipar!B:B,1,Equipar!D:D,A47) +COUNTIFS(Equipar!B:B,1,Equipar!E:E,A47) +COUNTIFS(Equipar!B:B,1,Equipar!F:F,A47) >0,COUNTIF('Set recomendado'!B:B,C47)=0), "Bloqueada", "Desechable")),"" ) -> Desechable | J47: {=IF(ISNUMBER(A47),IFERROR(_xlfn._xlws.FILTER(Equipar!A:A,(Equipar!B:B=1)*(Equipar!AC:AC=A47)),""),"")}
A48: 48 | B48: Épico | C48: Poder vibrante | D48: Ataque poderoso | E48: Bloqueo | F48: Recuperación | I48: =IF(ISNUMBER(A48), IF(COUNTIFS(Equipar!B:B,1,Equipar!AC:AC,A48),"Equipada", IF( OR(COUNTIFS(Equipar!B:B,1,Equipar!C:C,A48) +COUNTIFS(Equipar!B:B,1,Equipar!D:D,A48) +COUNTIFS(Equipar!B:B,1,Equipar!E:E,A48) +COUNTIFS(Equipar!B:B,1,Equipar!F:F,A48) >0,COUNTIF('Set recomendado'!B:B,C48)=0), "Bloqueada", "Desechable")),"" ) -> Desechable | J48: {=IF(ISNUMBER(A48),IFERROR(_xlfn._xlws.FILTER(Equipar!A:A,(Equipar!B:B=1)*(Equipar!AC:AC=A48)),""),"")}
A49: 49 | B49: Épico | C49: Poder vibrante | D49: Ataque poderoso | E49: Ataque poderoso | F49: Bloqueo | G49: Saque | I49: =IF(ISNUMBER(A49), IF(COUNTIFS(Equipar!B:B,1,Equipar!AC:AC,A49),"Equipada", IF( OR(COUNTIFS(Equipar!B:B,1,Equipar!C:C,A49) +COUNTIFS(Equipar!B:B,1,Equipar!D:D,A49) +COUNTIFS(Equipar!B:B,1,Equipar!E:E,A49) +COUNTIFS(Equipar!B:B,1,Equipar!F:F,A49) >0,COUNTIF('Set recomendado'!B:B,C49)=0), "Bloqueada", "Desechable")),"" ) -> Bloqueada | J49: {=IF(ISNUMBER(A49),IFERROR(_xlfn._xlws.FILTER(Equipar!A:A,(Equipar!B:B=1)*(Equipar!AC:AC=A49)),""),"")}
A50: 50 | B50: Épico | C50: Poder vibrante | D50: Ataque poderoso | E50: Saque | F50: Recepción | I50: =IF(ISNUMBER(A50), IF(COUNTIFS(Equipar!B:B,1,Equipar!AC:AC,A50),"Equipada", IF( OR(COUNTIFS(Equipar!B:B,1,Equipar!C:C,A50) +COUNTIFS(Equipar!B:B,1,Equipar!D:D,A50) +COUNTIFS(Equipar!B:B,1,Equipar!E:E,A50) +COUNTIFS(Equipar!B:B,1,Equipar!F:F,A50) >0,COUNTIF('Set recomendado'!B:B,C50)=0), "Bloqueada", "Desechable")),"" ) -> Desechable | J50: {=IF(ISNUMBER(A50),IFERROR(_xlfn._xlws.FILTER(Equipar!A:A,(Equipar!B:B=1)*(Equipar!AC:AC=A50)),""),"")}
A51: 51 | B51: Épico | C51: Incremento de poder | D51: Ataque poderoso | E51: Ataque rápido | F51: Saque | G51: Ataque poderoso | I51: =IF(ISNUMBER(A51), IF(COUNTIFS(Equipar!B:B,1,Equipar!AC:AC,A51),"Equipada", IF( OR(COUNTIFS(Equipar!B:B,1,Equipar!C:C,A51) +COUNTIFS(Equipar!B:B,1,Equipar!D:D,A51) +COUNTIFS(Equipar!B:B,1,Equipar!E:E,A51) +COUNTIFS(Equipar!B:B,1,Equipar!F:F,A51) >0,COUNTIF('Set recomendado'!B:B,C51)=0), "Bloqueada", "Desechable")),"" ) -> Bloqueada | J51: {=IF(ISNUMBER(A51),IFERROR(_xlfn._xlws.FILTER(Equipar!A:A,(Equipar!B:B=1)*(Equipar!AC:AC=A51)),""),"")}
A52: 52 | B52: Épico | C52: Ataque veloz | D52: Ataque rápido | E52: Bloqueo | F52: Técnica defensiva | I52: =IF(ISNUMBER(A52), IF(COUNTIFS(Equipar!B:B,1,Equipar!AC:AC,A52),"Equipada", IF( OR(COUNTIFS(Equipar!B:B,1,Equipar!C:C,A52) +COUNTIFS(Equipar!B:B,1,Equipar!D:D,A52) +COUNTIFS(Equipar!B:B,1,Equipar!E:E,A52) +COUNTIFS(Equipar!B:B,1,Equipar!F:F,A52) >0,COUNTIF('Set recomendado'!B:B,C52)=0), "Bloqueada", "Desechable")),"" ) -> Desechable | J52: {=IF(ISNUMBER(A52),IFERROR(_xlfn._xlws.FILTER(Equipar!A:A,(Equipar!B:B=1)*(Equipar!AC:AC=A52)),""),"")}
A53: 53 | B53: Épico | C53: Ataque veloz | D53: Ataque rápido | E53: Ataque rápido | F53: Ataque poderoso | G53: Técnica ofensiva | I53: =IF(ISNUMBER(A53), IF(COUNTIFS(Equipar!B:B,1,Equipar!AC:AC,A53),"Equipada", IF( OR(COUNTIFS(Equipar!B:B,1,Equipar!C:C,A53) +COUNTIFS(Equipar!B:B,1,Equipar!D:D,A53) +COUNTIFS(Equipar!B:B,1,Equipar!E:E,A53) +COUNTIFS(Equipar!B:B,1,Equipar!F:F,A53) >0,COUNTIF('Set recomendado'!B:B,C53)=0), "Bloqueada", "Desechable")),"" ) -> Desechable | J53: {=IF(ISNUMBER(A53),IFERROR(_xlfn._xlws.FILTER(Equipar!A:A,(Equipar!B:B=1)*(Equipar!AC:AC=A53)),""),"")}
A54: 55 | B54: Épico | C54: Bloque preciso | D54: Bloqueo | E54: Colocación | F54: Bloqueo | I54: =IF(ISNUMBER(A54), IF(COUNTIFS(Equipar!B:B,1,Equipar!AC:AC,A54),"Equipada", IF( OR(COUNTIFS(Equipar!B:B,1,Equipar!C:C,A54) +COUNTIFS(Equipar!B:B,1,Equipar!D:D,A54) +COUNTIFS(Equipar!B:B,1,Equipar!E:E,A54) +COUNTIFS(Equipar!B:B,1,Equipar!F:F,A54) >0,COUNTIF('Set recomendado'!B:B,C54)=0), "Bloqueada", "Desechable")),"" ) -> Desechable | J54: {=IF(ISNUMBER(A54),IFERROR(_xlfn._xlws.FILTER(Equipar!A:A,(Equipar!B:B=1)*(Equipar!AC:AC=A54)),""),"")}
A55: 56 | B55: Épico | C55: Bloque preciso | D55: Bloqueo | E55: Saque | F55: Colocación | G55: Técnica defensiva | I55: =IF(ISNUMBER(A55), IF(COUNTIFS(Equipar!B:B,1,Equipar!AC:AC,A55),"Equipada", IF( OR(COUNTIFS(Equipar!B:B,1,Equipar!C:C,A55) +COUNTIFS(Equipar!B:B,1,Equipar!D:D,A55) +COUNTIFS(Equipar!B:B,1,Equipar!E:E,A55) +COUNTIFS(Equipar!B:B,1,Equipar!F:F,A55) >0,COUNTIF('Set recomendado'!B:B,C55)=0), "Bloqueada", "Desechable")),"" ) -> Desechable | J55: {=IF(ISNUMBER(A55),IFERROR(_xlfn._xlws.FILTER(Equipar!A:A,(Equipar!B:B=1)*(Equipar!AC:AC=A55)),""),"")}
A56: 57 | B56: Épico | C56: Bloque preciso | D56: Bloqueo | E56: Saque | F56: Ataque poderoso | I56: =IF(ISNUMBER(A56), IF(COUNTIFS(Equipar!B:B,1,Equipar!AC:AC,A56),"Equipada", IF( OR(COUNTIFS(Equipar!B:B,1,Equipar!C:C,A56) +COUNTIFS(Equipar!B:B,1,Equipar!D:D,A56) +COUNTIFS(Equipar!B:B,1,Equipar!E:E,A56) +COUNTIFS(Equipar!B:B,1,Equipar!F:F,A56) >0,COUNTIF('Set recomendado'!B:B,C56)=0), "Bloqueada", "Desechable")),"" ) -> Desechable | J56: {=IF(ISNUMBER(A56),IFERROR(_xlfn._xlws.FILTER(Equipar!A:A,(Equipar!B:B=1)*(Equipar!AC:AC=A56)),""),"")}
A57: 59 | B57: Épico | C57: Recepción de asistencia | D57: Recepción | E57: Recepción | F57: Bloqueo | G57: Recepción | I57: =IF(ISNUMBER(A57), IF(COUNTIFS(Equipar!B:B,1,Equipar!AC:AC,A57),"Equipada", IF( OR(COUNTIFS(Equipar!B:B,1,Equipar!C:C,A57) +COUNTIFS(Equipar!B:B,1,Equipar!D:D,A57) +COUNTIFS(Equipar!B:B,1,Equipar!E:E,A57) +COUNTIFS(Equipar!B:B,1,Equipar!F:F,A57) >0,COUNTIF('Set recomendado'!B:B,C57)=0), "Bloqueada", "Desechable")),"" ) -> Equipada | J57: {=IF(ISNUMBER(A57),IFERROR(_xlfn._xlws.FILTER(Equipar!A:A,(Equipar!B:B=1)*(Equipar!AC:AC=A57)),""),"")} -> Akagi
A58: 60 | B58: Épico | C58: Recepción de asistencia | D58: Recepción | E58: Espíritu | F58: Colocación | I58: =IF(ISNUMBER(A58), IF(COUNTIFS(Equipar!B:B,1,Equipar!AC:AC,A58),"Equipada", IF( OR(COUNTIFS(Equipar!B:B,1,Equipar!C:C,A58) +COUNTIFS(Equipar!B:B,1,Equipar!D:D,A58) +COUNTIFS(Equipar!B:B,1,Equipar!E:E,A58) +COUNTIFS(Equipar!B:B,1,Equipar!F:F,A58) >0,COUNTIF('Set recomendado'!B:B,C58)=0), "Bloqueada", "Desechable")),"" ) -> Desechable | J58: {=IF(ISNUMBER(A58),IFERROR(_xlfn._xlws.FILTER(Equipar!A:A,(Equipar!B:B=1)*(Equipar!AC:AC=A58)),""),"")}
A59: 61 | B59: Épico | C59: Recepción de asistencia | D59: Recepción | E59: Recuperación | F59: Recuperación | I59: =IF(ISNUMBER(A59), IF(COUNTIFS(Equipar!B:B,1,Equipar!AC:AC,A59),"Equipada", IF( OR(COUNTIFS(Equipar!B:B,1,Equipar!C:C,A59) +COUNTIFS(Equipar!B:B,1,Equipar!D:D,A59) +COUNTIFS(Equipar!B:B,1,Equipar!E:E,A59) +COUNTIFS(Equipar!B:B,1,Equipar!F:F,A59) >0,COUNTIF('Set recomendado'!B:B,C59)=0), "Bloqueada", "Desechable")),"" ) -> Desechable | J59: {=IF(ISNUMBER(A59),IFERROR(_xlfn._xlws.FILTER(Equipar!A:A,(Equipar!B:B=1)*(Equipar!AC:AC=A59)),""),"")}
A60: 62 | B60: Épico | C60: Recepción de asistencia | D60: Recepción | E60: Recepción | F60: Recuperación | G60: Bloqueo | I60: =IF(ISNUMBER(A60), IF(COUNTIFS(Equipar!B:B,1,Equipar!AC:AC,A60),"Equipada", IF( OR(COUNTIFS(Equipar!B:B,1,Equipar!C:C,A60) +COUNTIFS(Equipar!B:B,1,Equipar!D:D,A60) +COUNTIFS(Equipar!B:B,1,Equipar!E:E,A60) +COUNTIFS(Equipar!B:B,1,Equipar!F:F,A60) >0,COUNTIF('Set recomendado'!B:B,C60)=0), "Bloqueada", "Desechable")),"" ) -> Desechable | J60: {=IF(ISNUMBER(A60),IFERROR(_xlfn._xlws.FILTER(Equipar!A:A,(Equipar!B:B=1)*(Equipar!AC:AC=A60)),""),"")}
A61: 63 | B61: Épico | C61: Recepción de asistencia | D61: Recepción | E61: Técnica ofensiva | F61: Ataque poderoso | I61: =IF(ISNUMBER(A61), IF(COUNTIFS(Equipar!B:B,1,Equipar!AC:AC,A61),"Equipada", IF( OR(COUNTIFS(Equipar!B:B,1,Equipar!C:C,A61) +COUNTIFS(Equipar!B:B,1,Equipar!D:D,A61) +COUNTIFS(Equipar!B:B,1,Equipar!E:E,A61) +COUNTIFS(Equipar!B:B,1,Equipar!F:F,A61) >0,COUNTIF('Set recomendado'!B:B,C61)=0), "Bloqueada", "Desechable")),"" ) -> Desechable | J61: {=IF(ISNUMBER(A61),IFERROR(_xlfn._xlws.FILTER(Equipar!A:A,(Equipar!B:B=1)*(Equipar!AC:AC=A61)),""),"")}
A62: 64 | B62: Épico | C62: Recepción suprema | D62: Recepción | E62: Recuperación | F62: Recuperación | I62: =IF(ISNUMBER(A62), IF(COUNTIFS(Equipar!B:B,1,Equipar!AC:AC,A62),"Equipada", IF( OR(COUNTIFS(Equipar!B:B,1,Equipar!C:C,A62) +COUNTIFS(Equipar!B:B,1,Equipar!D:D,A62) +COUNTIFS(Equipar!B:B,1,Equipar!E:E,A62) +COUNTIFS(Equipar!B:B,1,Equipar!F:F,A62) >0,COUNTIF('Set recomendado'!B:B,C62)=0), "Bloqueada", "Desechable")),"" ) -> Equipada | J62: {=IF(ISNUMBER(A62),IFERROR(_xlfn._xlws.FILTER(Equipar!A:A,(Equipar!B:B=1)*(Equipar!AC:AC=A62)),""),"")} -> Nishinoya
A63: 65 | B63: Épico | C63: Opt. de percepción | D63: Ataque rápido | E63: Bloqueo | F63: Colocación | I63: =IF(ISNUMBER(A63), IF(COUNTIFS(Equipar!B:B,1,Equipar!AC:AC,A63),"Equipada", IF( OR(COUNTIFS(Equipar!B:B,1,Equipar!C:C,A63) +COUNTIFS(Equipar!B:B,1,Equipar!D:D,A63) +COUNTIFS(Equipar!B:B,1,Equipar!E:E,A63) +COUNTIFS(Equipar!B:B,1,Equipar!F:F,A63) >0,COUNTIF('Set recomendado'!B:B,C63)=0), "Bloqueada", "Desechable")),"" ) -> Bloqueada | J63: {=IF(ISNUMBER(A63),IFERROR(_xlfn._xlws.FILTER(Equipar!A:A,(Equipar!B:B=1)*(Equipar!AC:AC=A63)),""),"")}
A64: 66 | B64: Épico | C64: Opt. de percepción | D64: Ataque rápido | E64: Ataque poderoso | F64: Recuperación | I64: =IF(ISNUMBER(A64), IF(COUNTIFS(Equipar!B:B,1,Equipar!AC:AC,A64),"Equipada", IF( OR(COUNTIFS(Equipar!B:B,1,Equipar!C:C,A64) +COUNTIFS(Equipar!B:B,1,Equipar!D:D,A64) +COUNTIFS(Equipar!B:B,1,Equipar!E:E,A64) +COUNTIFS(Equipar!B:B,1,Equipar!F:F,A64) >0,COUNTIF('Set recomendado'!B:B,C64)=0), "Bloqueada", "Desechable")),"" ) -> Bloqueada | J64: {=IF(ISNUMBER(A64),IFERROR(_xlfn._xlws.FILTER(Equipar!A:A,(Equipar!B:B=1)*(Equipar!AC:AC=A64)),""),"")}
A65: 67 | B65: Épico | C65: Opt. de percepción | D65: Ataque rápido | E65: Recepción | F65: Ataque poderoso | I65: =IF(ISNUMBER(A65), IF(COUNTIFS(Equipar!B:B,1,Equipar!AC:AC,A65),"Equipada", IF( OR(COUNTIFS(Equipar!B:B,1,Equipar!C:C,A65) +COUNTIFS(Equipar!B:B,1,Equipar!D:D,A65) +COUNTIFS(Equipar!B:B,1,Equipar!E:E,A65) +COUNTIFS(Equipar!B:B,1,Equipar!F:F,A65) >0,COUNTIF('Set recomendado'!B:B,C65)=0), "Bloqueada", "Desechable")),"" ) -> Bloqueada | J65: {=IF(ISNUMBER(A65),IFERROR(_xlfn._xlws.FILTER(Equipar!A:A,(Equipar!B:B=1)*(Equipar!AC:AC=A65)),""),"")}
A66: 68 | B66: Épico | C66: Opt. de percepción | D66: Ataque rápido | E66: Saque | F66: Recepción | G66: Ataque rápido | I66: =IF(ISNUMBER(A66), IF(COUNTIFS(Equipar!B:B,1,Equipar!AC:AC,A66),"Equipada", IF( OR(COUNTIFS(Equipar!B:B,1,Equipar!C:C,A66) +COUNTIFS(Equipar!B:B,1,Equipar!D:D,A66) +COUNTIFS(Equipar!B:B,1,Equipar!E:E,A66) +COUNTIFS(Equipar!B:B,1,Equipar!F:F,A66) >0,COUNTIF('Set recomendado'!B:B,C66)=0), "Bloqueada", "Desechable")),"" ) -> Bloqueada | J66: {=IF(ISNUMBER(A66),IFERROR(_xlfn._xlws.FILTER(Equipar!A:A,(Equipar!B:B=1)*(Equipar!AC:AC=A66)),""),"")}
A67: 69 | B67: Épico | C67: Opt. de percepción | D67: Ataque rápido | E67: Colocación | F67: Recepción | G67: Reflejos | I67: =IF(ISNUMBER(A67), IF(COUNTIFS(Equipar!B:B,1,Equipar!AC:AC,A67),"Equipada", IF( OR(COUNTIFS(Equipar!B:B,1,Equipar!C:C,A67) +COUNTIFS(Equipar!B:B,1,Equipar!D:D,A67) +COUNTIFS(Equipar!B:B,1,Equipar!E:E,A67) +COUNTIFS(Equipar!B:B,1,Equipar!F:F,A67) >0,COUNTIF('Set recomendado'!B:B,C67)=0), "Bloqueada", "Desechable")),"" ) -> Bloqueada | J67: {=IF(ISNUMBER(A67),IFERROR(_xlfn._xlws.FILTER(Equipar!A:A,(Equipar!B:B=1)*(Equipar!AC:AC=A67)),""),"")}
A68: 70 | B68: Épico | C68: Finta de colocador | D68: Colocación | E68: Recepción | F68: Saque | G68: Bloqueo | I68: =IF(ISNUMBER(A68), IF(COUNTIFS(Equipar!B:B,1,Equipar!AC:AC,A68),"Equipada", IF( OR(COUNTIFS(Equipar!B:B,1,Equipar!C:C,A68) +COUNTIFS(Equipar!B:B,1,Equipar!D:D,A68) +COUNTIFS(Equipar!B:B,1,Equipar!E:E,A68) +COUNTIFS(Equipar!B:B,1,Equipar!F:F,A68) >0,COUNTIF('Set recomendado'!B:B,C68)=0), "Bloqueada", "Desechable")),"" ) -> Desechable | J68: {=IF(ISNUMBER(A68),IFERROR(_xlfn._xlws.FILTER(Equipar!A:A,(Equipar!B:B=1)*(Equipar!AC:AC=A68)),""),"")}
A69: 71 | B69: Épico | C69: Finta de colocador | D69: Colocación | E69: Colocación | F69: Ataque poderoso | I69: =IF(ISNUMBER(A69), IF(COUNTIFS(Equipar!B:B,1,Equipar!AC:AC,A69),"Equipada", IF( OR(COUNTIFS(Equipar!B:B,1,Equipar!C:C,A69) +COUNTIFS(Equipar!B:B,1,Equipar!D:D,A69) +COUNTIFS(Equipar!B:B,1,Equipar!E:E,A69) +COUNTIFS(Equipar!B:B,1,Equipar!F:F,A69) >0,COUNTIF('Set recomendado'!B:B,C69)=0), "Bloqueada", "Desechable")),"" ) -> Desechable | J69: {=IF(ISNUMBER(A69),IFERROR(_xlfn._xlws.FILTER(Equipar!A:A,(Equipar!B:B=1)*(Equipar!AC:AC=A69)),""),"")}
A70: 72 | B70: Épico | C70: Finta de colocador | D70: Colocación | E70: Saque | F70: Reflejos | I70: =IF(ISNUMBER(A70), IF(COUNTIFS(Equipar!B:B,1,Equipar!AC:AC,A70),"Equipada", IF( OR(COUNTIFS(Equipar!B:B,1,Equipar!C:C,A70) +COUNTIFS(Equipar!B:B,1,Equipar!D:D,A70) +COUNTIFS(Equipar!B:B,1,Equipar!E:E,A70) +COUNTIFS(Equipar!B:B,1,Equipar!F:F,A70) >0,COUNTIF('Set recomendado'!B:B,C70)=0), "Bloqueada", "Desechable")),"" ) -> Desechable | J70: {=IF(ISNUMBER(A70),IFERROR(_xlfn._xlws.FILTER(Equipar!A:A,(Equipar!B:B=1)*(Equipar!AC:AC=A70)),""),"")}
A71: 73 | B71: Épico | C71: Guardia contundente | D71: Bloqueo | E71: Ataque rápido | F71: Colocación | I71: =IF(ISNUMBER(A71), IF(COUNTIFS(Equipar!B:B,1,Equipar!AC:AC,A71),"Equipada", IF( OR(COUNTIFS(Equipar!B:B,1,Equipar!C:C,A71) +COUNTIFS(Equipar!B:B,1,Equipar!D:D,A71) +COUNTIFS(Equipar!B:B,1,Equipar!E:E,A71) +COUNTIFS(Equipar!B:B,1,Equipar!F:F,A71) >0,COUNTIF('Set recomendado'!B:B,C71)=0), "Bloqueada", "Desechable")),"" ) -> Desechable | J71: {=IF(ISNUMBER(A71),IFERROR(_xlfn._xlws.FILTER(Equipar!A:A,(Equipar!B:B=1)*(Equipar!AC:AC=A71)),""),"")}
A72: 74 | B72: Épico | C72: Guardia contundente | D72: Bloqueo | E72: Recuperación | F72: Colocación | I72: =IF(ISNUMBER(A72), IF(COUNTIFS(Equipar!B:B,1,Equipar!AC:AC,A72),"Equipada", IF( OR(COUNTIFS(Equipar!B:B,1,Equipar!C:C,A72) +COUNTIFS(Equipar!B:B,1,Equipar!D:D,A72) +COUNTIFS(Equipar!B:B,1,Equipar!E:E,A72) +COUNTIFS(Equipar!B:B,1,Equipar!F:F,A72) >0,COUNTIF('Set recomendado'!B:B,C72)=0), "Bloqueada", "Desechable")),"" ) -> Desechable | J72: {=IF(ISNUMBER(A72),IFERROR(_xlfn._xlws.FILTER(Equipar!A:A,(Equipar!B:B=1)*(Equipar!AC:AC=A72)),""),"")}
A73: 75 | B73: Épico | C73: Guardia contundente | D73: Bloqueo | E73: Fuerza | F73: Saque | I73: =IF(ISNUMBER(A73), IF(COUNTIFS(Equipar!B:B,1,Equipar!AC:AC,A73),"Equipada", IF( OR(COUNTIFS(Equipar!B:B,1,Equipar!C:C,A73) +COUNTIFS(Equipar!B:B,1,Equipar!D:D,A73) +COUNTIFS(Equipar!B:B,1,Equipar!E:E,A73) +COUNTIFS(Equipar!B:B,1,Equipar!F:F,A73) >0,COUNTIF('Set recomendado'!B:B,C73)=0), "Bloqueada", "Desechable")),"" ) -> Desechable | J73: {=IF(ISNUMBER(A73),IFERROR(_xlfn._xlws.FILTER(Equipar!A:A,(Equipar!B:B=1)*(Equipar!AC:AC=A73)),""),"")}
A74: 76 | B74: Épico | C74: Guardia contundente | D74: Bloqueo | E74: Bloqueo | F74: Reflejos | I74: =IF(ISNUMBER(A74), IF(COUNTIFS(Equipar!B:B,1,Equipar!AC:AC,A74),"Equipada", IF( OR(COUNTIFS(Equipar!B:B,1,Equipar!C:C,A74) +COUNTIFS(Equipar!B:B,1,Equipar!D:D,A74) +COUNTIFS(Equipar!B:B,1,Equipar!E:E,A74) +COUNTIFS(Equipar!B:B,1,Equipar!F:F,A74) >0,COUNTIF('Set recomendado'!B:B,C74)=0), "Bloqueada", "Desechable")),"" ) -> Desechable | J74: {=IF(ISNUMBER(A74),IFERROR(_xlfn._xlws.FILTER(Equipar!A:A,(Equipar!B:B=1)*(Equipar!AC:AC=A74)),""),"")}
A75: 77 | B75: Épico | C75: Guardia contundente | D75: Bloqueo | E75: Percepción | F75: Bloqueo | I75: =IF(ISNUMBER(A75), IF(COUNTIFS(Equipar!B:B,1,Equipar!AC:AC,A75),"Equipada", IF( OR(COUNTIFS(Equipar!B:B,1,Equipar!C:C,A75) +COUNTIFS(Equipar!B:B,1,Equipar!D:D,A75) +COUNTIFS(Equipar!B:B,1,Equipar!E:E,A75) +COUNTIFS(Equipar!B:B,1,Equipar!F:F,A75) >0,COUNTIF('Set recomendado'!B:B,C75)=0), "Bloqueada", "Desechable")),"" ) -> Desechable | J75: {=IF(ISNUMBER(A75),IFERROR(_xlfn._xlws.FILTER(Equipar!A:A,(Equipar!B:B=1)*(Equipar!AC:AC=A75)),""),"")}
A76: 78 | B76: Épico | C76: Opt. de estado | D76: Ataque poderoso | E76: Bloqueo | F76: Recepción | I76: =IF(ISNUMBER(A76), IF(COUNTIFS(Equipar!B:B,1,Equipar!AC:AC,A76),"Equipada", IF( OR(COUNTIFS(Equipar!B:B,1,Equipar!C:C,A76) +COUNTIFS(Equipar!B:B,1,Equipar!D:D,A76) +COUNTIFS(Equipar!B:B,1,Equipar!E:E,A76) +COUNTIFS(Equipar!B:B,1,Equipar!F:F,A76) >0,COUNTIF('Set recomendado'!B:B,C76)=0), "Bloqueada", "Desechable")),"" ) -> Desechable | J76: {=IF(ISNUMBER(A76),IFERROR(_xlfn._xlws.FILTER(Equipar!A:A,(Equipar!B:B=1)*(Equipar!AC:AC=A76)),""),"")}
A77: 79 | B77: Legendario | C77: Potenciación de la moral | D77: Ataque poderoso | E77: Bloqueo | F77: Saque | G77: Ataque poderoso | I77: =IF(ISNUMBER(A77), IF(COUNTIFS(Equipar!B:B,1,Equipar!AC:AC,A77),"Equipada", IF( OR(COUNTIFS(Equipar!B:B,1,Equipar!C:C,A77) +COUNTIFS(Equipar!B:B,1,Equipar!D:D,A77) +COUNTIFS(Equipar!B:B,1,Equipar!E:E,A77) +COUNTIFS(Equipar!B:B,1,Equipar!F:F,A77) >0,COUNTIF('Set recomendado'!B:B,C77)=0), "Bloqueada", "Desechable")),"" ) -> Equipada | J77: {=IF(ISNUMBER(A77),IFERROR(_xlfn._xlws.FILTER(Equipar!A:A,(Equipar!B:B=1)*(Equipar!AC:AC=A77)),""),"")} -> Yamamoto
A78: 80 | B78: Legendario | C78: Potenciación de la moral | D78: Ataque poderoso | E78: Recuperación | F78: Colocación | G78: Técnica defensiva | I78: =IF(ISNUMBER(A78), IF(COUNTIFS(Equipar!B:B,1,Equipar!AC:AC,A78),"Equipada", IF( OR(COUNTIFS(Equipar!B:B,1,Equipar!C:C,A78) +COUNTIFS(Equipar!B:B,1,Equipar!D:D,A78) +COUNTIFS(Equipar!B:B,1,Equipar!E:E,A78) +COUNTIFS(Equipar!B:B,1,Equipar!F:F,A78) >0,COUNTIF('Set recomendado'!B:B,C78)=0), "Bloqueada", "Desechable")),"" ) -> Desechable | J78: {=IF(ISNUMBER(A78),IFERROR(_xlfn._xlws.FILTER(Equipar!A:A,(Equipar!B:B=1)*(Equipar!AC:AC=A78)),""),"")}
A79: 81 | B79: Legendario | C79: Guardia contundente | D79: Bloqueo | E79: Ataque rápido | F79: Bloqueo | G79: Ataque poderoso | H79: Ataque poderoso | I79: =IF(ISNUMBER(A79), IF(COUNTIFS(Equipar!B:B,1,Equipar!AC:AC,A79),"Equipada", IF( OR(COUNTIFS(Equipar!B:B,1,Equipar!C:C,A79) +COUNTIFS(Equipar!B:B,1,Equipar!D:D,A79) +COUNTIFS(Equipar!B:B,1,Equipar!E:E,A79) +COUNTIFS(Equipar!B:B,1,Equipar!F:F,A79) >0,COUNTIF('Set recomendado'!B:B,C79)=0), "Bloqueada", "Desechable")),"" ) -> Equipada | J79: {=IF(ISNUMBER(A79),IFERROR(_xlfn._xlws.FILTER(Equipar!A:A,(Equipar!B:B=1)*(Equipar!AC:AC=A79)),""),"")} -> Tsukishima
A80: 82 | B80: Épico | C80: Opt. de percepción | D80: Ataque rápido | E80: Recuperación | F80: Ataque rápido | I80: =IF(ISNUMBER(A80), IF(COUNTIFS(Equipar!B:B,1,Equipar!AC:AC,A80),"Equipada", IF( OR(COUNTIFS(Equipar!B:B,1,Equipar!C:C,A80) +COUNTIFS(Equipar!B:B,1,Equipar!D:D,A80) +COUNTIFS(Equipar!B:B,1,Equipar!E:E,A80) +COUNTIFS(Equipar!B:B,1,Equipar!F:F,A80) >0,COUNTIF('Set recomendado'!B:B,C80)=0), "Bloqueada", "Desechable")),"" ) -> Bloqueada | J80: {=IF(ISNUMBER(A80),IFERROR(_xlfn._xlws.FILTER(Equipar!A:A,(Equipar!B:B=1)*(Equipar!AC:AC=A80)),""),"")}
A81: 83 | B81: Épico | C81: Opt. de percepción | D81: Ataque rápido | E81: Ataque poderoso | F81: Colocación | G81: Ataque rápido | I81: =IF(ISNUMBER(A81), IF(COUNTIFS(Equipar!B:B,1,Equipar!AC:AC,A81),"Equipada", IF( OR(COUNTIFS(Equipar!B:B,1,Equipar!C:C,A81) +COUNTIFS(Equipar!B:B,1,Equipar!D:D,A81) +COUNTIFS(Equipar!B:B,1,Equipar!E:E,A81) +COUNTIFS(Equipar!B:B,1,Equipar!F:F,A81) >0,COUNTIF('Set recomendado'!B:B,C81)=0), "Bloqueada", "Desechable")),"" ) -> Bloqueada | J81: {=IF(ISNUMBER(A81),IFERROR(_xlfn._xlws.FILTER(Equipar!A:A,(Equipar!B:B=1)*(Equipar!AC:AC=A81)),""),"")}
A82: 84 | B82: Épico | C82: Opt. de percepción | D82: Ataque rápido | E82: Recuperación | F82: Colocación | G82: Bloqueo | I82: =IF(ISNUMBER(A82), IF(COUNTIFS(Equipar!B:B,1,Equipar!AC:AC,A82),"Equipada", IF( OR(COUNTIFS(Equipar!B:B,1,Equipar!C:C,A82) +COUNTIFS(Equipar!B:B,1,Equipar!D:D,A82) +COUNTIFS(Equipar!B:B,1,Equipar!E:E,A82) +COUNTIFS(Equipar!B:B,1,Equipar!F:F,A82) >0,COUNTIF('Set recomendado'!B:B,C82)=0), "Bloqueada", "Desechable")),"" ) -> Bloqueada | J82: {=IF(ISNUMBER(A82),IFERROR(_xlfn._xlws.FILTER(Equipar!A:A,(Equipar!B:B=1)*(Equipar!AC:AC=A82)),""),"")}
A83: 85 | B83: Épico | C83: Finta de colocador | D83: Colocación | E83: Ataque poderoso | F83: Bloqueo | I83: =IF(ISNUMBER(A83), IF(COUNTIFS(Equipar!B:B,1,Equipar!AC:AC,A83),"Equipada", IF( OR(COUNTIFS(Equipar!B:B,1,Equipar!C:C,A83) +COUNTIFS(Equipar!B:B,1,Equipar!D:D,A83) +COUNTIFS(Equipar!B:B,1,Equipar!E:E,A83) +COUNTIFS(Equipar!B:B,1,Equipar!F:F,A83) >0,COUNTIF('Set recomendado'!B:B,C83)=0), "Bloqueada", "Desechable")),"" ) -> Desechable | J83: {=IF(ISNUMBER(A83),IFERROR(_xlfn._xlws.FILTER(Equipar!A:A,(Equipar!B:B=1)*(Equipar!AC:AC=A83)),""),"")}
A84: 86 | B84: Épico | C84: Finta de colocador | D84: Colocación | E84: Recepción | F84: Técnica ofensiva | G84: Saque | I84: =IF(ISNUMBER(A84), IF(COUNTIFS(Equipar!B:B,1,Equipar!AC:AC,A84),"Equipada", IF( OR(COUNTIFS(Equipar!B:B,1,Equipar!C:C,A84) +COUNTIFS(Equipar!B:B,1,Equipar!D:D,A84) +COUNTIFS(Equipar!B:B,1,Equipar!E:E,A84) +COUNTIFS(Equipar!B:B,1,Equipar!F:F,A84) >0,COUNTIF('Set recomendado'!B:B,C84)=0), "Bloqueada", "Desechable")),"" ) -> Desechable | J84: {=IF(ISNUMBER(A84),IFERROR(_xlfn._xlws.FILTER(Equipar!A:A,(Equipar!B:B=1)*(Equipar!AC:AC=A84)),""),"")}
A85: 87 | B85: Épico | C85: Finta de colocador | D85: Colocación | E85: Recuperación | F85: Bloqueo | I85: =IF(ISNUMBER(A85), IF(COUNTIFS(Equipar!B:B,1,Equipar!AC:AC,A85),"Equipada", IF( OR(COUNTIFS(Equipar!B:B,1,Equipar!C:C,A85) +COUNTIFS(Equipar!B:B,1,Equipar!D:D,A85) +COUNTIFS(Equipar!B:B,1,Equipar!E:E,A85) +COUNTIFS(Equipar!B:B,1,Equipar!F:F,A85) >0,COUNTIF('Set recomendado'!B:B,C85)=0), "Bloqueada", "Desechable")),"" ) -> Desechable | J85: {=IF(ISNUMBER(A85),IFERROR(_xlfn._xlws.FILTER(Equipar!A:A,(Equipar!B:B=1)*(Equipar!AC:AC=A85)),""),"")}
A86: 88 | B86: Épico | C86: Finta de colocador | D86: Colocación | E86: Recuperación | F86: Bloqueo | I86: =IF(ISNUMBER(A86), IF(COUNTIFS(Equipar!B:B,1,Equipar!AC:AC,A86),"Equipada", IF( OR(COUNTIFS(Equipar!B:B,1,Equipar!C:C,A86) +COUNTIFS(Equipar!B:B,1,Equipar!D:D,A86) +COUNTIFS(Equipar!B:B,1,Equipar!E:E,A86) +COUNTIFS(Equipar!B:B,1,Equipar!F:F,A86) >0,COUNTIF('Set recomendado'!B:B,C86)=0), "Bloqueada", "Desechable")),"" ) -> Desechable | J86: {=IF(ISNUMBER(A86),IFERROR(_xlfn._xlws.FILTER(Equipar!A:A,(Equipar!B:B=1)*(Equipar!AC:AC=A86)),""),"")}
A87: 89 | B87: Épico | C87: Guardia contundente | D87: Bloqueo | E87: Ataque poderoso | F87: Ataque rápido | I87: =IF(ISNUMBER(A87), IF(COUNTIFS(Equipar!B:B,1,Equipar!AC:AC,A87),"Equipada", IF( OR(COUNTIFS(Equipar!B:B,1,Equipar!C:C,A87) +COUNTIFS(Equipar!B:B,1,Equipar!D:D,A87) +COUNTIFS(Equipar!B:B,1,Equipar!E:E,A87) +COUNTIFS(Equipar!B:B,1,Equipar!F:F,A87) >0,COUNTIF('Set recomendado'!B:B,C87)=0), "Bloqueada", "Desechable")),"" ) -> Desechable | J87: {=IF(ISNUMBER(A87),IFERROR(_xlfn._xlws.FILTER(Equipar!A:A,(Equipar!B:B=1)*(Equipar!AC:AC=A87)),""),"")}
A88: 90 | B88: Épico | C88: Opt. de estado | D88: Ataque poderoso | E88: Percepción | F88: Recuperación | I88: =IF(ISNUMBER(A88), IF(COUNTIFS(Equipar!B:B,1,Equipar!AC:AC,A88),"Equipada", IF( OR(COUNTIFS(Equipar!B:B,1,Equipar!C:C,A88) +COUNTIFS(Equipar!B:B,1,Equipar!D:D,A88) +COUNTIFS(Equipar!B:B,1,Equipar!E:E,A88) +COUNTIFS(Equipar!B:B,1,Equipar!F:F,A88) >0,COUNTIF('Set recomendado'!B:B,C88)=0), "Bloqueada", "Desechable")),"" ) -> Desechable | J88: {=IF(ISNUMBER(A88),IFERROR(_xlfn._xlws.FILTER(Equipar!A:A,(Equipar!B:B=1)*(Equipar!AC:AC=A88)),""),"")}
A89: 91 | B89: Legendario | C89: Movimiento de bloqueo | D89: Bloqueo | E89: Saque | F89: Saque | G89: Colocación | I89: =IF(ISNUMBER(A89), IF(COUNTIFS(Equipar!B:B,1,Equipar!AC:AC,A89),"Equipada", IF( OR(COUNTIFS(Equipar!B:B,1,Equipar!C:C,A89) +COUNTIFS(Equipar!B:B,1,Equipar!D:D,A89) +COUNTIFS(Equipar!B:B,1,Equipar!E:E,A89) +COUNTIFS(Equipar!B:B,1,Equipar!F:F,A89) >0,COUNTIF('Set recomendado'!B:B,C89)=0), "Bloqueada", "Desechable")),"" ) -> Bloqueada | J89: {=IF(ISNUMBER(A89),IFERROR(_xlfn._xlws.FILTER(Equipar!A:A,(Equipar!B:B=1)*(Equipar!AC:AC=A89)),""),"")}
A90: 92 | B90: Legendario | C90: Recepción suprema | D90: Recepción | E90: Bloqueo | F90: Colocación | G90: Fuerza | I90: =IF(ISNUMBER(A90), IF(COUNTIFS(Equipar!B:B,1,Equipar!AC:AC,A90),"Equipada", IF( OR(COUNTIFS(Equipar!B:B,1,Equipar!C:C,A90) +COUNTIFS(Equipar!B:B,1,Equipar!D:D,A90) +COUNTIFS(Equipar!B:B,1,Equipar!E:E,A90) +COUNTIFS(Equipar!B:B,1,Equipar!F:F,A90) >0,COUNTIF('Set recomendado'!B:B,C90)=0), "Bloqueada", "Desechable")),"" ) -> Desechable | J90: {=IF(ISNUMBER(A90),IFERROR(_xlfn._xlws.FILTER(Equipar!A:A,(Equipar!B:B=1)*(Equipar!AC:AC=A90)),""),"")}
A91: 93 | B91: Legendario | C91: Opt. de percepción | D91: Ataque rápido | E91: Técnica ofensiva | F91: Recuperación | G91: Bloqueo | I91: =IF(ISNUMBER(A91), IF(COUNTIFS(Equipar!B:B,1,Equipar!AC:AC,A91),"Equipada", IF( OR(COUNTIFS(Equipar!B:B,1,Equipar!C:C,A91) +COUNTIFS(Equipar!B:B,1,Equipar!D:D,A91) +COUNTIFS(Equipar!B:B,1,Equipar!E:E,A91) +COUNTIFS(Equipar!B:B,1,Equipar!F:F,A91) >0,COUNTIF('Set recomendado'!B:B,C91)=0), "Bloqueada", "Desechable")),"" ) -> Bloqueada | J91: {=IF(ISNUMBER(A91),IFERROR(_xlfn._xlws.FILTER(Equipar!A:A,(Equipar!B:B=1)*(Equipar!AC:AC=A91)),""),"")}
A92: 94 | B92: Épico | C92: Finta de colocador | D92: Colocación | E92: Ataque rápido | F92: Ataque poderoso | G92: Percepción | I92: =IF(ISNUMBER(A92), IF(COUNTIFS(Equipar!B:B,1,Equipar!AC:AC,A92),"Equipada", IF( OR(COUNTIFS(Equipar!B:B,1,Equipar!C:C,A92) +COUNTIFS(Equipar!B:B,1,Equipar!D:D,A92) +COUNTIFS(Equipar!B:B,1,Equipar!E:E,A92) +COUNTIFS(Equipar!B:B,1,Equipar!F:F,A92) >0,COUNTIF('Set recomendado'!B:B,C92)=0), "Bloqueada", "Desechable")),"" ) -> Desechable | J92: {=IF(ISNUMBER(A92),IFERROR(_xlfn._xlws.FILTER(Equipar!A:A,(Equipar!B:B=1)*(Equipar!AC:AC=A92)),""),"")}
A93: 95 | B93: Épico | C93: Finta de colocador | D93: Colocación | E93: Colocación | F93: Saque | I93: =IF(ISNUMBER(A93), IF(COUNTIFS(Equipar!B:B,1,Equipar!AC:AC,A93),"Equipada", IF( OR(COUNTIFS(Equipar!B:B,1,Equipar!C:C,A93) +COUNTIFS(Equipar!B:B,1,Equipar!D:D,A93) +COUNTIFS(Equipar!B:B,1,Equipar!E:E,A93) +COUNTIFS(Equipar!B:B,1,Equipar!F:F,A93) >0,COUNTIF('Set recomendado'!B:B,C93)=0), "Bloqueada", "Desechable")),"" ) -> Desechable | J93: {=IF(ISNUMBER(A93),IFERROR(_xlfn._xlws.FILTER(Equipar!A:A,(Equipar!B:B=1)*(Equipar!AC:AC=A93)),""),"")}
A94: 96 | B94: Épico | C94: Opt. de estado | D94: Ataque poderoso | E94: Ataque poderoso | F94: Saque | I94: =IF(ISNUMBER(A94), IF(COUNTIFS(Equipar!B:B,1,Equipar!AC:AC,A94),"Equipada", IF( OR(COUNTIFS(Equipar!B:B,1,Equipar!C:C,A94) +COUNTIFS(Equipar!B:B,1,Equipar!D:D,A94) +COUNTIFS(Equipar!B:B,1,Equipar!E:E,A94) +COUNTIFS(Equipar!B:B,1,Equipar!F:F,A94) >0,COUNTIF('Set recomendado'!B:B,C94)=0), "Bloqueada", "Desechable")),"" ) -> Equipada | J94: {=IF(ISNUMBER(A94),IFERROR(_xlfn._xlws.FILTER(Equipar!A:A,(Equipar!B:B=1)*(Equipar!AC:AC=A94)),""),"")} -> Ojiro
A95: 97 | B95: Épico | C95: Opt. de estado | D95: Ataque poderoso | E95: Técnica ofensiva | F95: Reflejos | I95: =IF(ISNUMBER(A95), IF(COUNTIFS(Equipar!B:B,1,Equipar!AC:AC,A95),"Equipada", IF( OR(COUNTIFS(Equipar!B:B,1,Equipar!C:C,A95) +COUNTIFS(Equipar!B:B,1,Equipar!D:D,A95) +COUNTIFS(Equipar!B:B,1,Equipar!E:E,A95) +COUNTIFS(Equipar!B:B,1,Equipar!F:F,A95) >0,COUNTIF('Set recomendado'!B:B,C95)=0), "Bloqueada", "Desechable")),"" ) -> Desechable | J95: {=IF(ISNUMBER(A95),IFERROR(_xlfn._xlws.FILTER(Equipar!A:A,(Equipar!B:B=1)*(Equipar!AC:AC=A95)),""),"")}
A96: 98 | B96: Épico | C96: Opt. de estado | D96: Ataque poderoso | E96: Colocación | F96: Técnica defensiva | I96: =IF(ISNUMBER(A96), IF(COUNTIFS(Equipar!B:B,1,Equipar!AC:AC,A96),"Equipada", IF( OR(COUNTIFS(Equipar!B:B,1,Equipar!C:C,A96) +COUNTIFS(Equipar!B:B,1,Equipar!D:D,A96) +COUNTIFS(Equipar!B:B,1,Equipar!E:E,A96) +COUNTIFS(Equipar!B:B,1,Equipar!F:F,A96) >0,COUNTIF('Set recomendado'!B:B,C96)=0), "Bloqueada", "Desechable")),"" ) -> Desechable | J96: {=IF(ISNUMBER(A96),IFERROR(_xlfn._xlws.FILTER(Equipar!A:A,(Equipar!B:B=1)*(Equipar!AC:AC=A96)),""),"")}
A97: 99 | B97: Legendario | C97: Poder vibrante | D97: Ataque poderoso | E97: Colocación | F97: Colocación | G97: Bloqueo | H97: Recuperación | I97: =IF(ISNUMBER(A97), IF(COUNTIFS(Equipar!B:B,1,Equipar!AC:AC,A97),"Equipada", IF( OR(COUNTIFS(Equipar!B:B,1,Equipar!C:C,A97) +COUNTIFS(Equipar!B:B,1,Equipar!D:D,A97) +COUNTIFS(Equipar!B:B,1,Equipar!E:E,A97) +COUNTIFS(Equipar!B:B,1,Equipar!F:F,A97) >0,COUNTIF('Set recomendado'!B:B,C97)=0), "Bloqueada", "Desechable")),"" ) -> Desechable | J97: {=IF(ISNUMBER(A97),IFERROR(_xlfn._xlws.FILTER(Equipar!A:A,(Equipar!B:B=1)*(Equipar!AC:AC=A97)),""),"")}
A98: 100 | B98: Épico | C98: Opt. de percepción | D98: Ataque rápido | E98: Fuerza | F98: Colocación | I98: =IF(ISNUMBER(A98), IF(COUNTIFS(Equipar!B:B,1,Equipar!AC:AC,A98),"Equipada", IF( OR(COUNTIFS(Equipar!B:B,1,Equipar!C:C,A98) +COUNTIFS(Equipar!B:B,1,Equipar!D:D,A98) +COUNTIFS(Equipar!B:B,1,Equipar!E:E,A98) +COUNTIFS(Equipar!B:B,1,Equipar!F:F,A98) >0,COUNTIF('Set recomendado'!B:B,C98)=0), "Bloqueada", "Desechable")),"" ) -> Bloqueada | J98: {=IF(ISNUMBER(A98),IFERROR(_xlfn._xlws.FILTER(Equipar!A:A,(Equipar!B:B=1)*(Equipar!AC:AC=A98)),""),"")}
A99: 101 | B99: Épico | C99: Finta de colocador | D99: Colocación | E99: Reflejos | F99: Ataque poderoso | I99: =IF(ISNUMBER(A99), IF(COUNTIFS(Equipar!B:B,1,Equipar!AC:AC,A99),"Equipada", IF( OR(COUNTIFS(Equipar!B:B,1,Equipar!C:C,A99) +COUNTIFS(Equipar!B:B,1,Equipar!D:D,A99) +COUNTIFS(Equipar!B:B,1,Equipar!E:E,A99) +COUNTIFS(Equipar!B:B,1,Equipar!F:F,A99) >0,COUNTIF('Set recomendado'!B:B,C99)=0), "Bloqueada", "Desechable")),"" ) -> Desechable | J99: {=IF(ISNUMBER(A99),IFERROR(_xlfn._xlws.FILTER(Equipar!A:A,(Equipar!B:B=1)*(Equipar!AC:AC=A99)),""),"")}
A100: 102 | B100: Épico | C100: Finta de colocador | D100: Colocación | E100: Ataque poderoso | F100: Bloqueo | I100: =IF(ISNUMBER(A100), IF(COUNTIFS(Equipar!B:B,1,Equipar!AC:AC,A100),"Equipada", IF( OR(COUNTIFS(Equipar!B:B,1,Equipar!C:C,A100) +COUNTIFS(Equipar!B:B,1,Equipar!D:D,A100) +COUNTIFS(Equipar!B:B,1,Equipar!E:E,A100) +COUNTIFS(Equipar!B:B,1,Equipar!F:F,A100) >0,COUNTIF('Set recomendado'!B:B,C100)=0), "Bloqueada", "Desechable")),"" ) -> Desechable | J100: {=IF(ISNUMBER(A100),IFERROR(_xlfn._xlws.FILTER(Equipar!A:A,(Equipar!B:B=1)*(Equipar!AC:AC=A100)),""),"")}
...

Sheet Inventario2
A1: ID | B1: Calidad | C1: Tipo | D1: Main Stat | E1: Substat1 | F1: Substat2 | G1: Substat3 | H1: Substat4 | I1: Estado Act | J1: Jugador
A2: 3 | B2: Legendario | C2: Movimiento de bloqueo | D2: Saque | E2: Saque | F2: Ataque poderoso | G2: Recepción | H2: Recuperación | I2: =IF(ISNUMBER(A2), IF(COUNTIFS(Equipar!B:B,2,Equipar!AC:AC,A2),"Equipada", IF( OR(COUNTIFS(Equipar!B:B,2,Equipar!C:C,A2) +COUNTIFS(Equipar!B:B,2,Equipar!D:D,A2) +COUNTIFS(Equipar!B:B,2,Equipar!E:E,A2) +COUNTIFS(Equipar!B:B,2,Equipar!F:F,A2) >0,COUNTIF('Set recomendado'!B:B,C2)=0), "Bloqueada", "Desechable")),"" ) -> Desechable | J2: {=IF(ISNUMBER(A2),IFERROR(_xlfn._xlws.FILTER(Equipar!A:A,(Equipar!B:B=2)*(Equipar!AC:AC=A2)),""),"")}
A3: 4 | B3: Legendario | C3: Recepción de asistencia | D3: Saque | E3: Bloqueo | F3: Saque | G3: Ataque poderoso | H3: Colocación | I3: =IF(ISNUMBER(A3), IF(COUNTIFS(Equipar!B:B,2,Equipar!AC:AC,A3),"Equipada", IF( OR(COUNTIFS(Equipar!B:B,2,Equipar!C:C,A3) +COUNTIFS(Equipar!B:B,2,Equipar!D:D,A3) +COUNTIFS(Equipar!B:B,2,Equipar!E:E,A3) +COUNTIFS(Equipar!B:B,2,Equipar!F:F,A3) >0,COUNTIF('Set recomendado'!B:B,C3)=0), "Bloqueada", "Desechable")),"" ) -> Desechable | J3: {=IF(ISNUMBER(A3),IFERROR(_xlfn._xlws.FILTER(Equipar!A:A,(Equipar!B:B=2)*(Equipar!AC:AC=A3)),""),"")}
A4: 5 | B4: Legendario | C4: Saque preciso | D4: Colocación | E4: Recepción | F4: Saque | G4: Ataque poderoso | H4: Ataque rápido | I4: =IF(ISNUMBER(A4), IF(COUNTIFS(Equipar!B:B,2,Equipar!AC:AC,A4),"Equipada", IF( OR(COUNTIFS(Equipar!B:B,2,Equipar!C:C,A4) +COUNTIFS(Equipar!B:B,2,Equipar!D:D,A4) +COUNTIFS(Equipar!B:B,2,Equipar!E:E,A4) +COUNTIFS(Equipar!B:B,2,Equipar!F:F,A4) >0,COUNTIF('Set recomendado'!B:B,C4)=0), "Bloqueada", "Desechable")),"" ) -> Bloqueada | J4: {=IF(ISNUMBER(A4),IFERROR(_xlfn._xlws.FILTER(Equipar!A:A,(Equipar!B:B=2)*(Equipar!AC:AC=A4)),""),"")}
A5: 8 | B5: Legendario | C5: Incremento de poder | D5: Percepción | E5: Ataque rápido | F5: Recepción | G5: Espíritu | H5: Colocación | I5: =IF(ISNUMBER(A5), IF(COUNTIFS(Equipar!B:B,2,Equipar!AC:AC,A5),"Equipada", IF( OR(COUNTIFS(Equipar!B:B,2,Equipar!C:C,A5) +COUNTIFS(Equipar!B:B,2,Equipar!D:D,A5) +COUNTIFS(Equipar!B:B,2,Equipar!E:E,A5) +COUNTIFS(Equipar!B:B,2,Equipar!F:F,A5) >0,COUNTIF('Set recomendado'!B:B,C5)=0), "Bloqueada", "Desechable")),"" ) -> Desechable | J5: {=IF(ISNUMBER(A5),IFERROR(_xlfn._xlws.FILTER(Equipar!A:A,(Equipar!B:B=2)*(Equipar!AC:AC=A5)),""),"")}
A6: 10 | B6: Legendario | C6: Ataque veloz | D6: Ataque rápido | E6: Ataque poderoso | F6: Recepción | G6: Técnica ofensiva | H6: Bloqueo | I6: =IF(ISNUMBER(A6), IF(COUNTIFS(Equipar!B:B,2,Equipar!AC:AC,A6),"Equipada", IF( OR(COUNTIFS(Equipar!B:B,2,Equipar!C:C,A6) +COUNTIFS(Equipar!B:B,2,Equipar!D:D,A6) +COUNTIFS(Equipar!B:B,2,Equipar!E:E,A6) +COUNTIFS(Equipar!B:B,2,Equipar!F:F,A6) >0,COUNTIF('Set recomendado'!B:B,C6)=0), "Bloqueada", "Desechable")),"" ) -> Equipada | J6: {=IF(ISNUMBER(A6),IFERROR(_xlfn._xlws.FILTER(Equipar!A:A,(Equipar!B:B=2)*(Equipar!AC:AC=A6)),""),"")} -> Suna
A7: 11 | B7: Legendario | C7: Ataque veloz | D7: Saque | E7: Ataque rápido | F7: Recepción | G7: Recuperación | H7: Ataque poderoso | I7: =IF(ISNUMBER(A7), IF(COUNTIFS(Equipar!B:B,2,Equipar!AC:AC,A7),"Equipada", IF( OR(COUNTIFS(Equipar!B:B,2,Equipar!C:C,A7) +COUNTIFS(Equipar!B:B,2,Equipar!D:D,A7) +COUNTIFS(Equipar!B:B,2,Equipar!E:E,A7) +COUNTIFS(Equipar!B:B,2,Equipar!F:F,A7) >0,COUNTIF('Set recomendado'!B:B,C7)=0), "Bloqueada", "Desechable")),"" ) -> Desechable | J7: {=IF(ISNUMBER(A7),IFERROR(_xlfn._xlws.FILTER(Equipar!A:A,(Equipar!B:B=2)*(Equipar!AC:AC=A7)),""),"")}
A8: 14 | B8: Legendario | C8: Ataque veloz | D8: Fuerza | E8: Técnica defensiva | F8: Ataque rápido | G8: Ataque rápido | H8: Colocación | I8: =IF(ISNUMBER(A8), IF(COUNTIFS(Equipar!B:B,2,Equipar!AC:AC,A8),"Equipada", IF( OR(COUNTIFS(Equipar!B:B,2,Equipar!C:C,A8) +COUNTIFS(Equipar!B:B,2,Equipar!D:D,A8) +COUNTIFS(Equipar!B:B,2,Equipar!E:E,A8) +COUNTIFS(Equipar!B:B,2,Equipar!F:F,A8) >0,COUNTIF('Set recomendado'!B:B,C8)=0), "Bloqueada", "Desechable")),"" ) -> Equipada | J8: {=IF(ISNUMBER(A8),IFERROR(_xlfn._xlws.FILTER(Equipar!A:A,(Equipar!B:B=2)*(Equipar!AC:AC=A8)),""),"")} -> Hinata
A9: 15 | B9: Legendario | C9: Sentido agudo | D9: Saque | E9: Reflejos | F9: Bloqueo | G9: Recuperación | H9: Saque | I9: =IF(ISNUMBER(A9), IF(COUNTIFS(Equipar!B:B,2,Equipar!AC:AC,A9),"Equipada", IF( OR(COUNTIFS(Equipar!B:B,2,Equipar!C:C,A9) +COUNTIFS(Equipar!B:B,2,Equipar!D:D,A9) +COUNTIFS(Equipar!B:B,2,Equipar!E:E,A9) +COUNTIFS(Equipar!B:B,2,Equipar!F:F,A9) >0,COUNTIF('Set recomendado'!B:B,C9)=0), "Bloqueada", "Desechable")),"" ) -> Desechable | J9: {=IF(ISNUMBER(A9),IFERROR(_xlfn._xlws.FILTER(Equipar!A:A,(Equipar!B:B=2)*(Equipar!AC:AC=A9)),""),"")}
A10: 16 | B10: Legendario | C10: Sentido agudo | D10: Ataque rápido | E10: Recuperación | F10: Colocación | G10: Ataque rápido | I10: =IF(ISNUMBER(A10), IF(COUNTIFS(Equipar!B:B,2,Equipar!AC:AC,A10),"Equipada", IF( OR(COUNTIFS(Equipar!B:B,2,Equipar!C:C,A10) +COUNTIFS(Equipar!B:B,2,Equipar!D:D,A10) +COUNTIFS(Equipar!B:B,2,Equipar!E:E,A10) +COUNTIFS(Equipar!B:B,2,Equipar!F:F,A10) >0,COUNTIF('Set recomendado'!B:B,C10)=0), "Bloqueada", "Desechable")),"" ) -> Equipada | J10: {=IF(ISNUMBER(A10),IFERROR(_xlfn._xlws.FILTER(Equipar!A:A,(Equipar!B:B=2)*(Equipar!AC:AC=A10)),""),"")} -> Osamu
A11: 17 | B11: Legendario | C11: Sentido agudo | D11: Ataque rápido | E11: Espíritu | F11: Recepción | G11: Saque | I11: =IF(ISNUMBER(A11), IF(COUNTIFS(Equipar!B:B,2,Equipar!AC:AC,A11),"Equipada", IF( OR(COUNTIFS(Equipar!B:B,2,Equipar!C:C,A11) +COUNTIFS(Equipar!B:B,2,Equipar!D:D,A11) +COUNTIFS(Equipar!B:B,2,Equipar!E:E,A11) +COUNTIFS(Equipar!B:B,2,Equipar!F:F,A11) >0,COUNTIF('Set recomendado'!B:B,C11)=0), "Bloqueada", "Desechable")),"" ) -> Desechable | J11: {=IF(ISNUMBER(A11),IFERROR(_xlfn._xlws.FILTER(Equipar!A:A,(Equipar!B:B=2)*(Equipar!AC:AC=A11)),""),"")}
A12: 18 | B12: Legendario | C12: Sentido agudo | D12: Saque | E12: Recepción | F12: Colocación | G12: Recepción | I12: =IF(ISNUMBER(A12), IF(COUNTIFS(Equipar!B:B,2,Equipar!AC:AC,A12),"Equipada", IF( OR(COUNTIFS(Equipar!B:B,2,Equipar!C:C,A12) +COUNTIFS(Equipar!B:B,2,Equipar!D:D,A12) +COUNTIFS(Equipar!B:B,2,Equipar!E:E,A12) +COUNTIFS(Equipar!B:B,2,Equipar!F:F,A12) >0,COUNTIF('Set recomendado'!B:B,C12)=0), "Bloqueada", "Desechable")),"" ) -> Desechable | J12: {=IF(ISNUMBER(A12),IFERROR(_xlfn._xlws.FILTER(Equipar!A:A,(Equipar!B:B=2)*(Equipar!AC:AC=A12)),""),"")}
A13: 19 | B13: Legendario | C13: Sentido agudo | D13: Ataque rápido | E13: Colocación | F13: Técnica defensiva | G13: Ataque poderoso | H13: Colocación | I13: =IF(ISNUMBER(A13), IF(COUNTIFS(Equipar!B:B,2,Equipar!AC:AC,A13),"Equipada", IF( OR(COUNTIFS(Equipar!B:B,2,Equipar!C:C,A13) +COUNTIFS(Equipar!B:B,2,Equipar!D:D,A13) +COUNTIFS(Equipar!B:B,2,Equipar!E:E,A13) +COUNTIFS(Equipar!B:B,2,Equipar!F:F,A13) >0,COUNTIF('Set recomendado'!B:B,C13)=0), "Bloqueada", "Desechable")),"" ) -> Desechable | J13: {=IF(ISNUMBER(A13),IFERROR(_xlfn._xlws.FILTER(Equipar!A:A,(Equipar!B:B=2)*(Equipar!AC:AC=A13)),""),"")}
A14: 21 | B14: Legendario | C14: Bloque preciso | D14: Colocación | E14: Recuperación | F14: Bloqueo | G14: Colocación | I14: =IF(ISNUMBER(A14), IF(COUNTIFS(Equipar!B:B,2,Equipar!AC:AC,A14),"Equipada", IF( OR(COUNTIFS(Equipar!B:B,2,Equipar!C:C,A14) +COUNTIFS(Equipar!B:B,2,Equipar!D:D,A14) +COUNTIFS(Equipar!B:B,2,Equipar!E:E,A14) +COUNTIFS(Equipar!B:B,2,Equipar!F:F,A14) >0,COUNTIF('Set recomendado'!B:B,C14)=0), "Bloqueada", "Desechable")),"" ) -> Desechable | J14: {=IF(ISNUMBER(A14),IFERROR(_xlfn._xlws.FILTER(Equipar!A:A,(Equipar!B:B=2)*(Equipar!AC:AC=A14)),""),"")}
A15: 22 | B15: Legendario | C15: Recepción de asistencia | D15: Ataque rápido | E15: Saque | F15: Reflejos | G15: Colocación | I15: =IF(ISNUMBER(A15), IF(COUNTIFS(Equipar!B:B,2,Equipar!AC:AC,A15),"Equipada", IF( OR(COUNTIFS(Equipar!B:B,2,Equipar!C:C,A15) +COUNTIFS(Equipar!B:B,2,Equipar!D:D,A15) +COUNTIFS(Equipar!B:B,2,Equipar!E:E,A15) +COUNTIFS(Equipar!B:B,2,Equipar!F:F,A15) >0,COUNTIF('Set recomendado'!B:B,C15)=0), "Bloqueada", "Desechable")),"" ) -> Desechable | J15: {=IF(ISNUMBER(A15),IFERROR(_xlfn._xlws.FILTER(Equipar!A:A,(Equipar!B:B=2)*(Equipar!AC:AC=A15)),""),"")}
A16: 23 | B16: Legendario | C16: Recepción de asistencia | D16: Ataque poderoso | E16: Colocación | F16: Bloqueo | G16: Ataque rápido | I16: =IF(ISNUMBER(A16), IF(COUNTIFS(Equipar!B:B,2,Equipar!AC:AC,A16),"Equipada", IF( OR(COUNTIFS(Equipar!B:B,2,Equipar!C:C,A16) +COUNTIFS(Equipar!B:B,2,Equipar!D:D,A16) +COUNTIFS(Equipar!B:B,2,Equipar!E:E,A16) +COUNTIFS(Equipar!B:B,2,Equipar!F:F,A16) >0,COUNTIF('Set recomendado'!B:B,C16)=0), "Bloqueada", "Desechable")),"" ) -> Desechable | J16: {=IF(ISNUMBER(A16),IFERROR(_xlfn._xlws.FILTER(Equipar!A:A,(Equipar!B:B=2)*(Equipar!AC:AC=A16)),""),"")}
A17: 24 | B17: Legendario | C17: Recepción de asistencia | D17: Percepción | E17: Espíritu | F17: Colocación | G17: Colocación | I17: =IF(ISNUMBER(A17), IF(COUNTIFS(Equipar!B:B,2,Equipar!AC:AC,A17),"Equipada", IF( OR(COUNTIFS(Equipar!B:B,2,Equipar!C:C,A17) +COUNTIFS(Equipar!B:B,2,Equipar!D:D,A17) +COUNTIFS(Equipar!B:B,2,Equipar!E:E,A17) +COUNTIFS(Equipar!B:B,2,Equipar!F:F,A17) >0,COUNTIF('Set recomendado'!B:B,C17)=0), "Bloqueada", "Desechable")),"" ) -> Desechable | J17: {=IF(ISNUMBER(A17),IFERROR(_xlfn._xlws.FILTER(Equipar!A:A,(Equipar!B:B=2)*(Equipar!AC:AC=A17)),""),"")}
A18: 25 | B18: Legendario | C18: Recepción de asistencia | D18: Ataque rápido | E18: Ataque rápido | F18: Reflejos | G18: Colocación | H18: Ataque poderoso | I18: =IF(ISNUMBER(A18), IF(COUNTIFS(Equipar!B:B,2,Equipar!AC:AC,A18),"Equipada", IF( OR(COUNTIFS(Equipar!B:B,2,Equipar!C:C,A18) +COUNTIFS(Equipar!B:B,2,Equipar!D:D,A18) +COUNTIFS(Equipar!B:B,2,Equipar!E:E,A18) +COUNTIFS(Equipar!B:B,2,Equipar!F:F,A18) >0,COUNTIF('Set recomendado'!B:B,C18)=0), "Bloqueada", "Desechable")),"" ) -> Desechable | J18: {=IF(ISNUMBER(A18),IFERROR(_xlfn._xlws.FILTER(Equipar!A:A,(Equipar!B:B=2)*(Equipar!AC:AC=A18)),""),"")}
A19: 26 | B19: Legendario | C19: Recepción suprema | D19: Saque | E19: Saque | F19: Ataque poderoso | G19: Bloqueo | I19: =IF(ISNUMBER(A19), IF(COUNTIFS(Equipar!B:B,2,Equipar!AC:AC,A19),"Equipada", IF( OR(COUNTIFS(Equipar!B:B,2,Equipar!C:C,A19) +COUNTIFS(Equipar!B:B,2,Equipar!D:D,A19) +COUNTIFS(Equipar!B:B,2,Equipar!E:E,A19) +COUNTIFS(Equipar!B:B,2,Equipar!F:F,A19) >0,COUNTIF('Set recomendado'!B:B,C19)=0), "Bloqueada", "Desechable")),"" ) -> Desechable | J19: {=IF(ISNUMBER(A19),IFERROR(_xlfn._xlws.FILTER(Equipar!A:A,(Equipar!B:B=2)*(Equipar!AC:AC=A19)),""),"")}
A20: 27 | B20: Legendario | C20: Opt. de percepción | D20: Percepción | E20: Recuperación | F20: Recuperación | I20: =IF(ISNUMBER(A20), IF(COUNTIFS(Equipar!B:B,2,Equipar!AC:AC,A20),"Equipada", IF( OR(COUNTIFS(Equipar!B:B,2,Equipar!C:C,A20) +COUNTIFS(Equipar!B:B,2,Equipar!D:D,A20) +COUNTIFS(Equipar!B:B,2,Equipar!E:E,A20) +COUNTIFS(Equipar!B:B,2,Equipar!F:F,A20) >0,COUNTIF('Set recomendado'!B:B,C20)=0), "Bloqueada", "Desechable")),"" ) -> Bloqueada | J20: {=IF(ISNUMBER(A20),IFERROR(_xlfn._xlws.FILTER(Equipar!A:A,(Equipar!B:B=2)*(Equipar!AC:AC=A20)),""),"")}
A21: 28 | B21: Legendario | C21: Finta de colocador | D21: Ataque poderoso | E21: Saque | F21: Percepción | G21: Colocación | I21: =IF(ISNUMBER(A21), IF(COUNTIFS(Equipar!B:B,2,Equipar!AC:AC,A21),"Equipada", IF( OR(COUNTIFS(Equipar!B:B,2,Equipar!C:C,A21) +COUNTIFS(Equipar!B:B,2,Equipar!D:D,A21) +COUNTIFS(Equipar!B:B,2,Equipar!E:E,A21) +COUNTIFS(Equipar!B:B,2,Equipar!F:F,A21) >0,COUNTIF('Set recomendado'!B:B,C21)=0), "Bloqueada", "Desechable")),"" ) -> Bloqueada | J21: {=IF(ISNUMBER(A21),IFERROR(_xlfn._xlws.FILTER(Equipar!A:A,(Equipar!B:B=2)*(Equipar!AC:AC=A21)),""),"")}
A22: 29 | B22: Legendario | C22: Finta de colocador | D22: Ataque rápido | E22: Recepción | F22: Saque | G22: Técnica defensiva | H22: Ataque poderoso | I22: =IF(ISNUMBER(A22), IF(COUNTIFS(Equipar!B:B,2,Equipar!AC:AC,A22),"Equipada", IF( OR(COUNTIFS(Equipar!B:B,2,Equipar!C:C,A22) +COUNTIFS(Equipar!B:B,2,Equipar!D:D,A22) +COUNTIFS(Equipar!B:B,2,Equipar!E:E,A22) +COUNTIFS(Equipar!B:B,2,Equipar!F:F,A22) >0,COUNTIF('Set recomendado'!B:B,C22)=0), "Bloqueada", "Desechable")),"" ) -> Desechable | J22: {=IF(ISNUMBER(A22),IFERROR(_xlfn._xlws.FILTER(Equipar!A:A,(Equipar!B:B=2)*(Equipar!AC:AC=A22)),""),"")}
A23: 30 | B23: Épico | C23: Saque preciso | D23: Saque | E23: Saque | F23: Colocación | G23: Fuerza | H23: Bloqueo | I23: =IF(ISNUMBER(A23), IF(COUNTIFS(Equipar!B:B,2,Equipar!AC:AC,A23),"Equipada", IF( OR(COUNTIFS(Equipar!B:B,2,Equipar!C:C,A23) +COUNTIFS(Equipar!B:B,2,Equipar!D:D,A23) +COUNTIFS(Equipar!B:B,2,Equipar!E:E,A23) +COUNTIFS(Equipar!B:B,2,Equipar!F:F,A23) >0,COUNTIF('Set recomendado'!B:B,C23)=0), "Bloqueada", "Desechable")),"" ) -> Equipada | J23: {=IF(ISNUMBER(A23),IFERROR(_xlfn._xlws.FILTER(Equipar!A:A,(Equipar!B:B=2)*(Equipar!AC:AC=A23)),""),"")} -> Oikawa
A24: 31 | B24: Épico | C24: Pase preciso | D24: Colocación | E24: Colocación | F24: Colocación | G24: Técnica ofensiva | H24: Ataque rápido | I24: =IF(ISNUMBER(A24), IF(COUNTIFS(Equipar!B:B,2,Equipar!AC:AC,A24),"Equipada", IF( OR(COUNTIFS(Equipar!B:B,2,Equipar!C:C,A24) +COUNTIFS(Equipar!B:B,2,Equipar!D:D,A24) +COUNTIFS(Equipar!B:B,2,Equipar!E:E,A24) +COUNTIFS(Equipar!B:B,2,Equipar!F:F,A24) >0,COUNTIF('Set recomendado'!B:B,C24)=0), "Bloqueada", "Desechable")),"" ) -> Desechable | J24: {=IF(ISNUMBER(A24),IFERROR(_xlfn._xlws.FILTER(Equipar!A:A,(Equipar!B:B=2)*(Equipar!AC:AC=A24)),""),"")}
A25: 32 | B25: Épico | C25: Poder vibrante | D25: Ataque poderoso | E25: Ataque poderoso | F25: Saque | G25: Ataque poderoso | H25: Espíritu | I25: =IF(ISNUMBER(A25), IF(COUNTIFS(Equipar!B:B,2,Equipar!AC:AC,A25),"Equipada", IF( OR(COUNTIFS(Equipar!B:B,2,Equipar!C:C,A25) +COUNTIFS(Equipar!B:B,2,Equipar!D:D,A25) +COUNTIFS(Equipar!B:B,2,Equipar!E:E,A25) +COUNTIFS(Equipar!B:B,2,Equipar!F:F,A25) >0,COUNTIF('Set recomendado'!B:B,C25)=0), "Bloqueada", "Desechable")),"" ) -> Equipada | J25: {=IF(ISNUMBER(A25),IFERROR(_xlfn._xlws.FILTER(Equipar!A:A,(Equipar!B:B=2)*(Equipar!AC:AC=A25)),""),"")} -> Hoshiumi
A26: 33 | B26: Épico | C26: Poder vibrante | D26: Ataque poderoso | E26: Colocación | F26: Colocación | G26: Ataque poderoso | H26: Recepción | I26: =IF(ISNUMBER(A26), IF(COUNTIFS(Equipar!B:B,2,Equipar!AC:AC,A26),"Equipada", IF( OR(COUNTIFS(Equipar!B:B,2,Equipar!C:C,A26) +COUNTIFS(Equipar!B:B,2,Equipar!D:D,A26) +COUNTIFS(Equipar!B:B,2,Equipar!E:E,A26) +COUNTIFS(Equipar!B:B,2,Equipar!F:F,A26) >0,COUNTIF('Set recomendado'!B:B,C26)=0), "Bloqueada", "Desechable")),"" ) -> Equipada | J26: {=IF(ISNUMBER(A26),IFERROR(_xlfn._xlws.FILTER(Equipar!A:A,(Equipar!B:B=2)*(Equipar!AC:AC=A26)),""),"")} -> Tanaka
A27: 35 | B27: Épico | C27: Saque preciso | D27: Saque | E27: Ataque poderoso | F27: Colocación | I27: =IF(ISNUMBER(A27), IF(COUNTIFS(Equipar!B:B,2,Equipar!AC:AC,A27),"Equipada", IF( OR(COUNTIFS(Equipar!B:B,2,Equipar!C:C,A27) +COUNTIFS(Equipar!B:B,2,Equipar!D:D,A27) +COUNTIFS(Equipar!B:B,2,Equipar!E:E,A27) +COUNTIFS(Equipar!B:B,2,Equipar!F:F,A27) >0,COUNTIF('Set recomendado'!B:B,C27)=0), "Bloqueada", "Desechable")),"" ) -> Desechable | J27: {=IF(ISNUMBER(A27),IFERROR(_xlfn._xlws.FILTER(Equipar!A:A,(Equipar!B:B=2)*(Equipar!AC:AC=A27)),""),"")}
A28: 38 | B28: Épico | C28: Poder vibrante | D28: Ataque poderoso | E28: Técnica defensiva | F28: Recepción | I28: =IF(ISNUMBER(A28), IF(COUNTIFS(Equipar!B:B,2,Equipar!AC:AC,A28),"Equipada", IF( OR(COUNTIFS(Equipar!B:B,2,Equipar!C:C,A28) +COUNTIFS(Equipar!B:B,2,Equipar!D:D,A28) +COUNTIFS(Equipar!B:B,2,Equipar!E:E,A28) +COUNTIFS(Equipar!B:B,2,Equipar!F:F,A28) >0,COUNTIF('Set recomendado'!B:B,C28)=0), "Bloqueada", "Desechable")),"" ) -> Desechable | J28: {=IF(ISNUMBER(A28),IFERROR(_xlfn._xlws.FILTER(Equipar!A:A,(Equipar!B:B=2)*(Equipar!AC:AC=A28)),""),"")}
A29: 40 | B29: Épico | C29: Poder vibrante | D29: Percepción | E29: Saque | F29: Colocación | I29: =IF(ISNUMBER(A29), IF(COUNTIFS(Equipar!B:B,2,Equipar!AC:AC,A29),"Equipada", IF( OR(COUNTIFS(Equipar!B:B,2,Equipar!C:C,A29) +COUNTIFS(Equipar!B:B,2,Equipar!D:D,A29) +COUNTIFS(Equipar!B:B,2,Equipar!E:E,A29) +COUNTIFS(Equipar!B:B,2,Equipar!F:F,A29) >0,COUNTIF('Set recomendado'!B:B,C29)=0), "Bloqueada", "Desechable")),"" ) -> Desechable | J29: {=IF(ISNUMBER(A29),IFERROR(_xlfn._xlws.FILTER(Equipar!A:A,(Equipar!B:B=2)*(Equipar!AC:AC=A29)),""),"")}
A30: 41 | B30: Épico | C30: Poder vibrante | D30: Saque | E30: Fuerza | F30: Ataque poderoso | I30: =IF(ISNUMBER(A30), IF(COUNTIFS(Equipar!B:B,2,Equipar!AC:AC,A30),"Equipada", IF( OR(COUNTIFS(Equipar!B:B,2,Equipar!C:C,A30) +COUNTIFS(Equipar!B:B,2,Equipar!D:D,A30) +COUNTIFS(Equipar!B:B,2,Equipar!E:E,A30) +COUNTIFS(Equipar!B:B,2,Equipar!F:F,A30) >0,COUNTIF('Set recomendado'!B:B,C30)=0), "Bloqueada", "Desechable")),"" ) -> Equipada | J30: {=IF(ISNUMBER(A30),IFERROR(_xlfn._xlws.FILTER(Equipar!A:A,(Equipar!B:B=2)*(Equipar!AC:AC=A30)),""),"")} -> Kyotani
A31: 42 | B31: Épico | C31: Incremento de poder | D31: Percepción | E31: Reflejos | F31: Ataque poderoso | I31: =IF(ISNUMBER(A31), IF(COUNTIFS(Equipar!B:B,2,Equipar!AC:AC,A31),"Equipada", IF( OR(COUNTIFS(Equipar!B:B,2,Equipar!C:C,A31) +COUNTIFS(Equipar!B:B,2,Equipar!D:D,A31) +COUNTIFS(Equipar!B:B,2,Equipar!E:E,A31) +COUNTIFS(Equipar!B:B,2,Equipar!F:F,A31) >0,COUNTIF('Set recomendado'!B:B,C31)=0), "Bloqueada", "Desechable")),"" ) -> Desechable | J31: {=IF(ISNUMBER(A31),IFERROR(_xlfn._xlws.FILTER(Equipar!A:A,(Equipar!B:B=2)*(Equipar!AC:AC=A31)),""),"")}
A32: 43 | B32: Épico | C32: Incremento de poder | D32: Ataque poderoso | E32: Bloqueo | F32: Recepción | G32: Técnica ofensiva | I32: =IF(ISNUMBER(A32), IF(COUNTIFS(Equipar!B:B,2,Equipar!AC:AC,A32),"Equipada", IF( OR(COUNTIFS(Equipar!B:B,2,Equipar!C:C,A32) +COUNTIFS(Equipar!B:B,2,Equipar!D:D,A32) +COUNTIFS(Equipar!B:B,2,Equipar!E:E,A32) +COUNTIFS(Equipar!B:B,2,Equipar!F:F,A32) >0,COUNTIF('Set recomendado'!B:B,C32)=0), "Bloqueada", "Desechable")),"" ) -> Bloqueada | J32: {=IF(ISNUMBER(A32),IFERROR(_xlfn._xlws.FILTER(Equipar!A:A,(Equipar!B:B=2)*(Equipar!AC:AC=A32)),""),"")}
A33: 44 | B33: Épico | C33: Incremento de poder | D33: Percepción | E33: Ataque rápido | F33: Ataque poderoso | I33: =IF(ISNUMBER(A33), IF(COUNTIFS(Equipar!B:B,2,Equipar!AC:AC,A33),"Equipada", IF( OR(COUNTIFS(Equipar!B:B,2,Equipar!C:C,A33) +COUNTIFS(Equipar!B:B,2,Equipar!D:D,A33) +COUNTIFS(Equipar!B:B,2,Equipar!E:E,A33) +COUNTIFS(Equipar!B:B,2,Equipar!F:F,A33) >0,COUNTIF('Set recomendado'!B:B,C33)=0), "Bloqueada", "Desechable")),"" ) -> Desechable | J33: {=IF(ISNUMBER(A33),IFERROR(_xlfn._xlws.FILTER(Equipar!A:A,(Equipar!B:B=2)*(Equipar!AC:AC=A33)),""),"")}
A34: 45 | B34: Épico | C34: Incremento de poder | D34: Percepción | E34: Saque | F34: Ataque poderoso | I34: =IF(ISNUMBER(A34), IF(COUNTIFS(Equipar!B:B,2,Equipar!AC:AC,A34),"Equipada", IF( OR(COUNTIFS(Equipar!B:B,2,Equipar!C:C,A34) +COUNTIFS(Equipar!B:B,2,Equipar!D:D,A34) +COUNTIFS(Equipar!B:B,2,Equipar!E:E,A34) +COUNTIFS(Equipar!B:B,2,Equipar!F:F,A34) >0,COUNTIF('Set recomendado'!B:B,C34)=0), "Bloqueada", "Desechable")),"" ) -> Equipada | J34: {=IF(ISNUMBER(A34),IFERROR(_xlfn._xlws.FILTER(Equipar!A:A,(Equipar!B:B=2)*(Equipar!AC:AC=A34)),""),"")} -> Yamamoto
A35: 46 | B35: Épico | C35: Ataque veloz | D35: Saque | E35: Ataque rápido | F35: Ataque rápido | I35: =IF(ISNUMBER(A35), IF(COUNTIFS(Equipar!B:B,2,Equipar!AC:AC,A35),"Equipada", IF( OR(COUNTIFS(Equipar!B:B,2,Equipar!C:C,A35) +COUNTIFS(Equipar!B:B,2,Equipar!D:D,A35) +COUNTIFS(Equipar!B:B,2,Equipar!E:E,A35) +COUNTIFS(Equipar!B:B,2,Equipar!F:F,A35) >0,COUNTIF('Set recomendado'!B:B,C35)=0), "Bloqueada", "Desechable")),"" ) -> Bloqueada | J35: {=IF(ISNUMBER(A35),IFERROR(_xlfn._xlws.FILTER(Equipar!A:A,(Equipar!B:B=2)*(Equipar!AC:AC=A35)),""),"")}
A36: 47 | B36: Épico | C36: Ataque veloz | D36: Ataque rápido | E36: Ataque poderoso | F36: Recepción | I36: =IF(ISNUMBER(A36), IF(COUNTIFS(Equipar!B:B,2,Equipar!AC:AC,A36),"Equipada", IF( OR(COUNTIFS(Equipar!B:B,2,Equipar!C:C,A36) +COUNTIFS(Equipar!B:B,2,Equipar!D:D,A36) +COUNTIFS(Equipar!B:B,2,Equipar!E:E,A36) +COUNTIFS(Equipar!B:B,2,Equipar!F:F,A36) >0,COUNTIF('Set recomendado'!B:B,C36)=0), "Bloqueada", "Desechable")),"" ) -> Desechable | J36: {=IF(ISNUMBER(A36),IFERROR(_xlfn._xlws.FILTER(Equipar!A:A,(Equipar!B:B=2)*(Equipar!AC:AC=A36)),""),"")}
A37: 48 | B37: Épico | C37: Bloque preciso | D37: Saque | E37: Técnica defensiva | F37: Bloqueo | G37: Ataque poderoso | I37: =IF(ISNUMBER(A37), IF(COUNTIFS(Equipar!B:B,2,Equipar!AC:AC,A37),"Equipada", IF( OR(COUNTIFS(Equipar!B:B,2,Equipar!C:C,A37) +COUNTIFS(Equipar!B:B,2,Equipar!D:D,A37) +COUNTIFS(Equipar!B:B,2,Equipar!E:E,A37) +COUNTIFS(Equipar!B:B,2,Equipar!F:F,A37) >0,COUNTIF('Set recomendado'!B:B,C37)=0), "Bloqueada", "Desechable")),"" ) -> Bloqueada | J37: {=IF(ISNUMBER(A37),IFERROR(_xlfn._xlws.FILTER(Equipar!A:A,(Equipar!B:B=2)*(Equipar!AC:AC=A37)),""),"")}
A38: 50 | B38: Épico | C38: Movimiento de bloqueo | D38: Fuerza | E38: Saque | F38: Recuperación | G38: Bloqueo | I38: =IF(ISNUMBER(A38), IF(COUNTIFS(Equipar!B:B,2,Equipar!AC:AC,A38),"Equipada", IF( OR(COUNTIFS(Equipar!B:B,2,Equipar!C:C,A38) +COUNTIFS(Equipar!B:B,2,Equipar!D:D,A38) +COUNTIFS(Equipar!B:B,2,Equipar!E:E,A38) +COUNTIFS(Equipar!B:B,2,Equipar!F:F,A38) >0,COUNTIF('Set recomendado'!B:B,C38)=0), "Bloqueada", "Desechable")),"" ) -> Desechable | J38: {=IF(ISNUMBER(A38),IFERROR(_xlfn._xlws.FILTER(Equipar!A:A,(Equipar!B:B=2)*(Equipar!AC:AC=A38)),""),"")}
A39: 51 | B39: Épico | C39: Recepción de asistencia | D39: Ataque poderoso | E39: Recepción | F39: Colocación | G39: Ataque poderoso | I39: =IF(ISNUMBER(A39), IF(COUNTIFS(Equipar!B:B,2,Equipar!AC:AC,A39),"Equipada", IF( OR(COUNTIFS(Equipar!B:B,2,Equipar!C:C,A39) +COUNTIFS(Equipar!B:B,2,Equipar!D:D,A39) +COUNTIFS(Equipar!B:B,2,Equipar!E:E,A39) +COUNTIFS(Equipar!B:B,2,Equipar!F:F,A39) >0,COUNTIF('Set recomendado'!B:B,C39)=0), "Bloqueada", "Desechable")),"" ) -> Equipada | J39: {=IF(ISNUMBER(A39),IFERROR(_xlfn._xlws.FILTER(Equipar!A:A,(Equipar!B:B=2)*(Equipar!AC:AC=A39)),""),"")} -> Sakusa
A40: 52 | B40: Épico | C40: Recepción de asistencia | D40: Ataque rápido | E40: Recuperación | F40: Recepción | G40: Técnica defensiva | I40: =IF(ISNUMBER(A40), IF(COUNTIFS(Equipar!B:B,2,Equipar!AC:AC,A40),"Equipada", IF( OR(COUNTIFS(Equipar!B:B,2,Equipar!C:C,A40) +COUNTIFS(Equipar!B:B,2,Equipar!D:D,A40) +COUNTIFS(Equipar!B:B,2,Equipar!E:E,A40) +COUNTIFS(Equipar!B:B,2,Equipar!F:F,A40) >0,COUNTIF('Set recomendado'!B:B,C40)=0), "Bloqueada", "Desechable")),"" ) -> Equipada | J40: {=IF(ISNUMBER(A40),IFERROR(_xlfn._xlws.FILTER(Equipar!A:A,(Equipar!B:B=2)*(Equipar!AC:AC=A40)),""),"")} -> Kita
A41: 53 | B41: Épico | C41: Recepción suprema | D41: Ataque rápido | E41: Ataque poderoso | F41: Recuperación | I41: =IF(ISNUMBER(A41), IF(COUNTIFS(Equipar!B:B,2,Equipar!AC:AC,A41),"Equipada", IF( OR(COUNTIFS(Equipar!B:B,2,Equipar!C:C,A41) +COUNTIFS(Equipar!B:B,2,Equipar!D:D,A41) +COUNTIFS(Equipar!B:B,2,Equipar!E:E,A41) +COUNTIFS(Equipar!B:B,2,Equipar!F:F,A41) >0,COUNTIF('Set recomendado'!B:B,C41)=0), "Bloqueada", "Desechable")),"" ) -> Desechable | J41: {=IF(ISNUMBER(A41),IFERROR(_xlfn._xlws.FILTER(Equipar!A:A,(Equipar!B:B=2)*(Equipar!AC:AC=A41)),""),"")}
A42: 54 | B42: Épico | C42: Recepción suprema | D42: Ataque poderoso | E42: Recuperación | F42: Recuperación | I42: =IF(ISNUMBER(A42), IF(COUNTIFS(Equipar!B:B,2,Equipar!AC:AC,A42),"Equipada", IF( OR(COUNTIFS(Equipar!B:B,2,Equipar!C:C,A42) +COUNTIFS(Equipar!B:B,2,Equipar!D:D,A42) +COUNTIFS(Equipar!B:B,2,Equipar!E:E,A42) +COUNTIFS(Equipar!B:B,2,Equipar!F:F,A42) >0,COUNTIF('Set recomendado'!B:B,C42)=0), "Bloqueada", "Desechable")),"" ) -> Bloqueada | J42: {=IF(ISNUMBER(A42),IFERROR(_xlfn._xlws.FILTER(Equipar!A:A,(Equipar!B:B=2)*(Equipar!AC:AC=A42)),""),"")}
A43: 55 | B43: Épico | C43: Recepción suprema | D43: Saque | E43: Percepción | F43: Recuperación | G43: Recepción | I43: =IF(ISNUMBER(A43), IF(COUNTIFS(Equipar!B:B,2,Equipar!AC:AC,A43),"Equipada", IF( OR(COUNTIFS(Equipar!B:B,2,Equipar!C:C,A43) +COUNTIFS(Equipar!B:B,2,Equipar!D:D,A43) +COUNTIFS(Equipar!B:B,2,Equipar!E:E,A43) +COUNTIFS(Equipar!B:B,2,Equipar!F:F,A43) >0,COUNTIF('Set recomendado'!B:B,C43)=0), "Bloqueada", "Desechable")),"" ) -> Desechable | J43: {=IF(ISNUMBER(A43),IFERROR(_xlfn._xlws.FILTER(Equipar!A:A,(Equipar!B:B=2)*(Equipar!AC:AC=A43)),""),"")}
A44: 56 | B44: Épico | C44: Recepción suprema | D44: Colocación | E44: Técnica ofensiva | F44: Recepción | I44: =IF(ISNUMBER(A44), IF(COUNTIFS(Equipar!B:B,2,Equipar!AC:AC,A44),"Equipada", IF( OR(COUNTIFS(Equipar!B:B,2,Equipar!C:C,A44) +COUNTIFS(Equipar!B:B,2,Equipar!D:D,A44) +COUNTIFS(Equipar!B:B,2,Equipar!E:E,A44) +COUNTIFS(Equipar!B:B,2,Equipar!F:F,A44) >0,COUNTIF('Set recomendado'!B:B,C44)=0), "Bloqueada", "Desechable")),"" ) -> Bloqueada | J44: {=IF(ISNUMBER(A44),IFERROR(_xlfn._xlws.FILTER(Equipar!A:A,(Equipar!B:B=2)*(Equipar!AC:AC=A44)),""),"")}
A45: 57 | B45: Épico | C45: Opt. de percepción | D45: Colocación | E45: Percepción | F45: Colocación | G45: Saque | I45: =IF(ISNUMBER(A45), IF(COUNTIFS(Equipar!B:B,2,Equipar!AC:AC,A45),"Equipada", IF( OR(COUNTIFS(Equipar!B:B,2,Equipar!C:C,A45) +COUNTIFS(Equipar!B:B,2,Equipar!D:D,A45) +COUNTIFS(Equipar!B:B,2,Equipar!E:E,A45) +COUNTIFS(Equipar!B:B,2,Equipar!F:F,A45) >0,COUNTIF('Set recomendado'!B:B,C45)=0), "Bloqueada", "Desechable")),"" ) -> Bloqueada | J45: {=IF(ISNUMBER(A45),IFERROR(_xlfn._xlws.FILTER(Equipar!A:A,(Equipar!B:B=2)*(Equipar!AC:AC=A45)),""),"")}
A46: 58 | B46: Épico | C46: Opt. de percepción | D46: Saque | E46: Colocación | F46: Saque | G46: Colocación | I46: =IF(ISNUMBER(A46), IF(COUNTIFS(Equipar!B:B,2,Equipar!AC:AC,A46),"Equipada", IF( OR(COUNTIFS(Equipar!B:B,2,Equipar!C:C,A46) +COUNTIFS(Equipar!B:B,2,Equipar!D:D,A46) +COUNTIFS(Equipar!B:B,2,Equipar!E:E,A46) +COUNTIFS(Equipar!B:B,2,Equipar!F:F,A46) >0,COUNTIF('Set recomendado'!B:B,C46)=0), "Bloqueada", "Desechable")),"" ) -> Bloqueada | J46: {=IF(ISNUMBER(A46),IFERROR(_xlfn._xlws.FILTER(Equipar!A:A,(Equipar!B:B=2)*(Equipar!AC:AC=A46)),""),"")}
A47: 59 | B47: Épico | C47: Opt. de percepción | D47: Colocación | E47: Saque | F47: Ataque rápido | G47: Saque | I47: =IF(ISNUMBER(A47), IF(COUNTIFS(Equipar!B:B,2,Equipar!AC:AC,A47),"Equipada", IF( OR(COUNTIFS(Equipar!B:B,2,Equipar!C:C,A47) +COUNTIFS(Equipar!B:B,2,Equipar!D:D,A47) +COUNTIFS(Equipar!B:B,2,Equipar!E:E,A47) +COUNTIFS(Equipar!B:B,2,Equipar!F:F,A47) >0,COUNTIF('Set recomendado'!B:B,C47)=0), "Bloqueada", "Desechable")),"" ) -> Bloqueada | J47: {=IF(ISNUMBER(A47),IFERROR(_xlfn._xlws.FILTER(Equipar!A:A,(Equipar!B:B=2)*(Equipar!AC:AC=A47)),""),"")}
A48: 60 | B48: Épico | C48: Opt. de percepción | D48: Saque | E48: Saque | F48: Ataque rápido | I48: =IF(ISNUMBER(A48), IF(COUNTIFS(Equipar!B:B,2,Equipar!AC:AC,A48),"Equipada", IF( OR(COUNTIFS(Equipar!B:B,2,Equipar!C:C,A48) +COUNTIFS(Equipar!B:B,2,Equipar!D:D,A48) +COUNTIFS(Equipar!B:B,2,Equipar!E:E,A48) +COUNTIFS(Equipar!B:B,2,Equipar!F:F,A48) >0,COUNTIF('Set recomendado'!B:B,C48)=0), "Bloqueada", "Desechable")),"" ) -> Bloqueada | J48: {=IF(ISNUMBER(A48),IFERROR(_xlfn._xlws.FILTER(Equipar!A:A,(Equipar!B:B=2)*(Equipar!AC:AC=A48)),""),"")}
A49: 61 | B49: Épico | C49: Opt. de percepción | D49: Fuerza | E49: Bloqueo | F49: Recuperación | I49: =IF(ISNUMBER(A49), IF(COUNTIFS(Equipar!B:B,2,Equipar!AC:AC,A49),"Equipada", IF( OR(COUNTIFS(Equipar!B:B,2,Equipar!C:C,A49) +COUNTIFS(Equipar!B:B,2,Equipar!D:D,A49) +COUNTIFS(Equipar!B:B,2,Equipar!E:E,A49) +COUNTIFS(Equipar!B:B,2,Equipar!F:F,A49) >0,COUNTIF('Set recomendado'!B:B,C49)=0), "Bloqueada", "Desechable")),"" ) -> Bloqueada | J49: {=IF(ISNUMBER(A49),IFERROR(_xlfn._xlws.FILTER(Equipar!A:A,(Equipar!B:B=2)*(Equipar!AC:AC=A49)),""),"")}
A50: 62 | B50: Épico | C50: Guardia contundente | D50: Colocación | E50: Bloqueo | F50: Recuperación | I50: =IF(ISNUMBER(A50), IF(COUNTIFS(Equipar!B:B,2,Equipar!AC:AC,A50),"Equipada", IF( OR(COUNTIFS(Equipar!B:B,2,Equipar!C:C,A50) +COUNTIFS(Equipar!B:B,2,Equipar!D:D,A50) +COUNTIFS(Equipar!B:B,2,Equipar!E:E,A50) +COUNTIFS(Equipar!B:B,2,Equipar!F:F,A50) >0,COUNTIF('Set recomendado'!B:B,C50)=0), "Bloqueada", "Desechable")),"" ) -> Desechable | J50: {=IF(ISNUMBER(A50),IFERROR(_xlfn._xlws.FILTER(Equipar!A:A,(Equipar!B:B=2)*(Equipar!AC:AC=A50)),""),"")}
A51: 63 | B51: Épico | C51: Guardia contundente | D51: Ataque rápido | E51: Técnica defensiva | F51: Bloqueo | I51: =IF(ISNUMBER(A51), IF(COUNTIFS(Equipar!B:B,2,Equipar!AC:AC,A51),"Equipada", IF( OR(COUNTIFS(Equipar!B:B,2,Equipar!C:C,A51) +COUNTIFS(Equipar!B:B,2,Equipar!D:D,A51) +COUNTIFS(Equipar!B:B,2,Equipar!E:E,A51) +COUNTIFS(Equipar!B:B,2,Equipar!F:F,A51) >0,COUNTIF('Set recomendado'!B:B,C51)=0), "Bloqueada", "Desechable")),"" ) -> Desechable | J51: {=IF(ISNUMBER(A51),IFERROR(_xlfn._xlws.FILTER(Equipar!A:A,(Equipar!B:B=2)*(Equipar!AC:AC=A51)),""),"")}
A52: 64 | B52: Épico | C52: Opt. de estado | D52: Ataque poderoso | E52: Saque | F52: Recepción | G52: Percepción | I52: =IF(ISNUMBER(A52), IF(COUNTIFS(Equipar!B:B,2,Equipar!AC:AC,A52),"Equipada", IF( OR(COUNTIFS(Equipar!B:B,2,Equipar!C:C,A52) +COUNTIFS(Equipar!B:B,2,Equipar!D:D,A52) +COUNTIFS(Equipar!B:B,2,Equipar!E:E,A52) +COUNTIFS(Equipar!B:B,2,Equipar!F:F,A52) >0,COUNTIF('Set recomendado'!B:B,C52)=0), "Bloqueada", "Desechable")),"" ) -> Desechable | J52: {=IF(ISNUMBER(A52),IFERROR(_xlfn._xlws.FILTER(Equipar!A:A,(Equipar!B:B=2)*(Equipar!AC:AC=A52)),""),"")}
A53: 65 | B53: Épico | C53: Opt. de estado | D53: Ataque poderoso | E53: Ataque rápido | F53: Técnica ofensiva | I53: =IF(ISNUMBER(A53), IF(COUNTIFS(Equipar!B:B,2,Equipar!AC:AC,A53),"Equipada", IF( OR(COUNTIFS(Equipar!B:B,2,Equipar!C:C,A53) +COUNTIFS(Equipar!B:B,2,Equipar!D:D,A53) +COUNTIFS(Equipar!B:B,2,Equipar!E:E,A53) +COUNTIFS(Equipar!B:B,2,Equipar!F:F,A53) >0,COUNTIF('Set recomendado'!B:B,C53)=0), "Bloqueada", "Desechable")),"" ) -> Desechable | J53: {=IF(ISNUMBER(A53),IFERROR(_xlfn._xlws.FILTER(Equipar!A:A,(Equipar!B:B=2)*(Equipar!AC:AC=A53)),""),"")}
A54: 66 | B54: Épico | C54: Opt. de estado | D54: Ataque poderoso | E54: Percepción | F54: Ataque poderoso | I54: =IF(ISNUMBER(A54), IF(COUNTIFS(Equipar!B:B,2,Equipar!AC:AC,A54),"Equipada", IF( OR(COUNTIFS(Equipar!B:B,2,Equipar!C:C,A54) +COUNTIFS(Equipar!B:B,2,Equipar!D:D,A54) +COUNTIFS(Equipar!B:B,2,Equipar!E:E,A54) +COUNTIFS(Equipar!B:B,2,Equipar!F:F,A54) >0,COUNTIF('Set recomendado'!B:B,C54)=0), "Bloqueada", "Desechable")),"" ) -> Bloqueada | J54: {=IF(ISNUMBER(A54),IFERROR(_xlfn._xlws.FILTER(Equipar!A:A,(Equipar!B:B=2)*(Equipar!AC:AC=A54)),""),"")}
A55: 67 | B55: Épico | C55: Opt. de estado | D55: Colocación | E55: Colocación | F55: Recuperación | I55: =IF(ISNUMBER(A55), IF(COUNTIFS(Equipar!B:B,2,Equipar!AC:AC,A55),"Equipada", IF( OR(COUNTIFS(Equipar!B:B,2,Equipar!C:C,A55) +COUNTIFS(Equipar!B:B,2,Equipar!D:D,A55) +COUNTIFS(Equipar!B:B,2,Equipar!E:E,A55) +COUNTIFS(Equipar!B:B,2,Equipar!F:F,A55) >0,COUNTIF('Set recomendado'!B:B,C55)=0), "Bloqueada", "Desechable")),"" ) -> Desechable | J55: {=IF(ISNUMBER(A55),IFERROR(_xlfn._xlws.FILTER(Equipar!A:A,(Equipar!B:B=2)*(Equipar!AC:AC=A55)),""),"")}
A56: 68 | B56: Legendario | C56: Movimiento de bloqueo | D56: Percepción | E56: Recuperación | F56: Bloqueo | G56: Fuerza | I56: =IF(ISNUMBER(A56), IF(COUNTIFS(Equipar!B:B,2,Equipar!AC:AC,A56),"Equipada", IF( OR(COUNTIFS(Equipar!B:B,2,Equipar!C:C,A56) +COUNTIFS(Equipar!B:B,2,Equipar!D:D,A56) +COUNTIFS(Equipar!B:B,2,Equipar!E:E,A56) +COUNTIFS(Equipar!B:B,2,Equipar!F:F,A56) >0,COUNTIF('Set recomendado'!B:B,C56)=0), "Bloqueada", "Desechable")),"" ) -> Bloqueada | J56: {=IF(ISNUMBER(A56),IFERROR(_xlfn._xlws.FILTER(Equipar!A:A,(Equipar!B:B=2)*(Equipar!AC:AC=A56)),""),"")}
A57: 69 | B57: Legendario | C57: Finta de colocador | D57: Ataque rápido | E57: Saque | F57: Ataque poderoso | G57: Recepción | I57: =IF(ISNUMBER(A57), IF(COUNTIFS(Equipar!B:B,2,Equipar!AC:AC,A57),"Equipada", IF( OR(COUNTIFS(Equipar!B:B,2,Equipar!C:C,A57) +COUNTIFS(Equipar!B:B,2,Equipar!D:D,A57) +COUNTIFS(Equipar!B:B,2,Equipar!E:E,A57) +COUNTIFS(Equipar!B:B,2,Equipar!F:F,A57) >0,COUNTIF('Set recomendado'!B:B,C57)=0), "Bloqueada", "Desechable")),"" ) -> Desechable | J57: {=IF(ISNUMBER(A57),IFERROR(_xlfn._xlws.FILTER(Equipar!A:A,(Equipar!B:B=2)*(Equipar!AC:AC=A57)),""),"")}
A58: 70 | B58: Épico | C58: Opt. de percepción | D58: Percepción | E58: Bloqueo | F58: Saque | I58: =IF(ISNUMBER(A58), IF(COUNTIFS(Equipar!B:B,2,Equipar!AC:AC,A58),"Equipada", IF( OR(COUNTIFS(Equipar!B:B,2,Equipar!C:C,A58) +COUNTIFS(Equipar!B:B,2,Equipar!D:D,A58) +COUNTIFS(Equipar!B:B,2,Equipar!E:E,A58) +COUNTIFS(Equipar!B:B,2,Equipar!F:F,A58) >0,COUNTIF('Set recomendado'!B:B,C58)=0), "Bloqueada", "Desechable")),"" ) -> Bloqueada | J58: {=IF(ISNUMBER(A58),IFERROR(_xlfn._xlws.FILTER(Equipar!A:A,(Equipar!B:B=2)*(Equipar!AC:AC=A58)),""),"")}
A59: 71 | B59: Épico | C59: Opt. de percepción | D59: Saque | E59: Fuerza | F59: Recuperación | I59: =IF(ISNUMBER(A59), IF(COUNTIFS(Equipar!B:B,2,Equipar!AC:AC,A59),"Equipada", IF( OR(COUNTIFS(Equipar!B:B,2,Equipar!C:C,A59) +COUNTIFS(Equipar!B:B,2,Equipar!D:D,A59) +COUNTIFS(Equipar!B:B,2,Equipar!E:E,A59) +COUNTIFS(Equipar!B:B,2,Equipar!F:F,A59) >0,COUNTIF('Set recomendado'!B:B,C59)=0), "Bloqueada", "Desechable")),"" ) -> Bloqueada | J59: {=IF(ISNUMBER(A59),IFERROR(_xlfn._xlws.FILTER(Equipar!A:A,(Equipar!B:B=2)*(Equipar!AC:AC=A59)),""),"")}
A60: 72 | B60: Épico | C60: Finta de colocador | D60: Colocación | E60: Percepción | F60: Saque | G60: Ataque poderoso | I60: =IF(ISNUMBER(A60), IF(COUNTIFS(Equipar!B:B,2,Equipar!AC:AC,A60),"Equipada", IF( OR(COUNTIFS(Equipar!B:B,2,Equipar!C:C,A60) +COUNTIFS(Equipar!B:B,2,Equipar!D:D,A60) +COUNTIFS(Equipar!B:B,2,Equipar!E:E,A60) +COUNTIFS(Equipar!B:B,2,Equipar!F:F,A60) >0,COUNTIF('Set recomendado'!B:B,C60)=0), "Bloqueada", "Desechable")),"" ) -> Desechable | J60: {=IF(ISNUMBER(A60),IFERROR(_xlfn._xlws.FILTER(Equipar!A:A,(Equipar!B:B=2)*(Equipar!AC:AC=A60)),""),"")}
A61: 73 | B61: Épico | C61: Finta de colocador | D61: Percepción | E61: Saque | F61: Técnica defensiva | I61: =IF(ISNUMBER(A61), IF(COUNTIFS(Equipar!B:B,2,Equipar!AC:AC,A61),"Equipada", IF( OR(COUNTIFS(Equipar!B:B,2,Equipar!C:C,A61) +COUNTIFS(Equipar!B:B,2,Equipar!D:D,A61) +COUNTIFS(Equipar!B:B,2,Equipar!E:E,A61) +COUNTIFS(Equipar!B:B,2,Equipar!F:F,A61) >0,COUNTIF('Set recomendado'!B:B,C61)=0), "Bloqueada", "Desechable")),"" ) -> Desechable | J61: {=IF(ISNUMBER(A61),IFERROR(_xlfn._xlws.FILTER(Equipar!A:A,(Equipar!B:B=2)*(Equipar!AC:AC=A61)),""),"")}
A62: 74 | B62: Épico | C62: Guardia contundente | D62: Saque | E62: Colocación | F62: Recepción | I62: =IF(ISNUMBER(A62), IF(COUNTIFS(Equipar!B:B,2,Equipar!AC:AC,A62),"Equipada", IF( OR(COUNTIFS(Equipar!B:B,2,Equipar!C:C,A62) +COUNTIFS(Equipar!B:B,2,Equipar!D:D,A62) +COUNTIFS(Equipar!B:B,2,Equipar!E:E,A62) +COUNTIFS(Equipar!B:B,2,Equipar!F:F,A62) >0,COUNTIF('Set recomendado'!B:B,C62)=0), "Bloqueada", "Desechable")),"" ) -> Desechable | J62: {=IF(ISNUMBER(A62),IFERROR(_xlfn._xlws.FILTER(Equipar!A:A,(Equipar!B:B=2)*(Equipar!AC:AC=A62)),""),"")}
A63: 75 | B63: Épico | C63: Guardia contundente | D63: Ataque rápido | E63: Fuerza | F63: Saque | G63: Colocación | I63: =IF(ISNUMBER(A63), IF(COUNTIFS(Equipar!B:B,2,Equipar!AC:AC,A63),"Equipada", IF( OR(COUNTIFS(Equipar!B:B,2,Equipar!C:C,A63) +COUNTIFS(Equipar!B:B,2,Equipar!D:D,A63) +COUNTIFS(Equipar!B:B,2,Equipar!E:E,A63) +COUNTIFS(Equipar!B:B,2,Equipar!F:F,A63) >0,COUNTIF('Set recomendado'!B:B,C63)=0), "Bloqueada", "Desechable")),"" ) -> Desechable | J63: {=IF(ISNUMBER(A63),IFERROR(_xlfn._xlws.FILTER(Equipar!A:A,(Equipar!B:B=2)*(Equipar!AC:AC=A63)),""),"")}
A64: 76 | B64: Épico | C64: Guardia contundente | D64: Fuerza | E64: Ataque poderoso | F64: Técnica defensiva | G64: Percepción | I64: =IF(ISNUMBER(A64), IF(COUNTIFS(Equipar!B:B,2,Equipar!AC:AC,A64),"Equipada", IF( OR(COUNTIFS(Equipar!B:B,2,Equipar!C:C,A64) +COUNTIFS(Equipar!B:B,2,Equipar!D:D,A64) +COUNTIFS(Equipar!B:B,2,Equipar!E:E,A64) +COUNTIFS(Equipar!B:B,2,Equipar!F:F,A64) >0,COUNTIF('Set recomendado'!B:B,C64)=0), "Bloqueada", "Desechable")),"" ) -> Desechable | J64: {=IF(ISNUMBER(A64),IFERROR(_xlfn._xlws.FILTER(Equipar!A:A,(Equipar!B:B=2)*(Equipar!AC:AC=A64)),""),"")}
A65: 77 | B65: Épico | C65: Guardia contundente | D65: Ataque rápido | E65: Ataque poderoso | F65: Colocación | G65: Bloqueo | I65: =IF(ISNUMBER(A65), IF(COUNTIFS(Equipar!B:B,2,Equipar!AC:AC,A65),"Equipada", IF( OR(COUNTIFS(Equipar!B:B,2,Equipar!C:C,A65) +COUNTIFS(Equipar!B:B,2,Equipar!D:D,A65) +COUNTIFS(Equipar!B:B,2,Equipar!E:E,A65) +COUNTIFS(Equipar!B:B,2,Equipar!F:F,A65) >0,COUNTIF('Set recomendado'!B:B,C65)=0), "Bloqueada", "Desechable")),"" ) -> Desechable | J65: {=IF(ISNUMBER(A65),IFERROR(_xlfn._xlws.FILTER(Equipar!A:A,(Equipar!B:B=2)*(Equipar!AC:AC=A65)),""),"")}
A66: 78 | B66: Épico | C66: Guardia contundente | D66: Ataque rápido | E66: Recuperación | F66: Bloqueo | I66: =IF(ISNUMBER(A66), IF(COUNTIFS(Equipar!B:B,2,Equipar!AC:AC,A66),"Equipada", IF( OR(COUNTIFS(Equipar!B:B,2,Equipar!C:C,A66) +COUNTIFS(Equipar!B:B,2,Equipar!D:D,A66) +COUNTIFS(Equipar!B:B,2,Equipar!E:E,A66) +COUNTIFS(Equipar!B:B,2,Equipar!F:F,A66) >0,COUNTIF('Set recomendado'!B:B,C66)=0), "Bloqueada", "Desechable")),"" ) -> Desechable | J66: {=IF(ISNUMBER(A66),IFERROR(_xlfn._xlws.FILTER(Equipar!A:A,(Equipar!B:B=2)*(Equipar!AC:AC=A66)),""),"")}
A67: 79 | B67: Épico | C67: Opt. de estado | D67: Saque | E67: Recepción | F67: Ataque poderoso | I67: =IF(ISNUMBER(A67), IF(COUNTIFS(Equipar!B:B,2,Equipar!AC:AC,A67),"Equipada", IF( OR(COUNTIFS(Equipar!B:B,2,Equipar!C:C,A67) +COUNTIFS(Equipar!B:B,2,Equipar!D:D,A67) +COUNTIFS(Equipar!B:B,2,Equipar!E:E,A67) +COUNTIFS(Equipar!B:B,2,Equipar!F:F,A67) >0,COUNTIF('Set recomendado'!B:B,C67)=0), "Bloqueada", "Desechable")),"" ) -> Desechable | J67: {=IF(ISNUMBER(A67),IFERROR(_xlfn._xlws.FILTER(Equipar!A:A,(Equipar!B:B=2)*(Equipar!AC:AC=A67)),""),"")}
A68: 80 | B68: Épico | C68: Opt. de estado | D68: Colocación | E68: Recepción | F68: Saque | I68: =IF(ISNUMBER(A68), IF(COUNTIFS(Equipar!B:B,2,Equipar!AC:AC,A68),"Equipada", IF( OR(COUNTIFS(Equipar!B:B,2,Equipar!C:C,A68) +COUNTIFS(Equipar!B:B,2,Equipar!D:D,A68) +COUNTIFS(Equipar!B:B,2,Equipar!E:E,A68) +COUNTIFS(Equipar!B:B,2,Equipar!F:F,A68) >0,COUNTIF('Set recomendado'!B:B,C68)=0), "Bloqueada", "Desechable")),"" ) -> Desechable | J68: {=IF(ISNUMBER(A68),IFERROR(_xlfn._xlws.FILTER(Equipar!A:A,(Equipar!B:B=2)*(Equipar!AC:AC=A68)),""),"")}
A69: 81 | B69: Legendario | C69: Movimiento de bloqueo | D69: Ataque poderoso | E69: Ataque poderoso | F69: Técnica ofensiva | G69: Recuperación | I69: =IF(ISNUMBER(A69), IF(COUNTIFS(Equipar!B:B,2,Equipar!AC:AC,A69),"Equipada", IF( OR(COUNTIFS(Equipar!B:B,2,Equipar!C:C,A69) +COUNTIFS(Equipar!B:B,2,Equipar!D:D,A69) +COUNTIFS(Equipar!B:B,2,Equipar!E:E,A69) +COUNTIFS(Equipar!B:B,2,Equipar!F:F,A69) >0,COUNTIF('Set recomendado'!B:B,C69)=0), "Bloqueada", "Desechable")),"" ) -> Desechable | J69: {=IF(ISNUMBER(A69),IFERROR(_xlfn._xlws.FILTER(Equipar!A:A,(Equipar!B:B=2)*(Equipar!AC:AC=A69)),""),"")}
A70: 82 | B70: Legendario | C70: Recepción suprema | D70: Ataque rápido | E70: Saque | F70: Recepción | G70: Ataque rápido | I70: =IF(ISNUMBER(A70), IF(COUNTIFS(Equipar!B:B,2,Equipar!AC:AC,A70),"Equipada", IF( OR(COUNTIFS(Equipar!B:B,2,Equipar!C:C,A70) +COUNTIFS(Equipar!B:B,2,Equipar!D:D,A70) +COUNTIFS(Equipar!B:B,2,Equipar!E:E,A70) +COUNTIFS(Equipar!B:B,2,Equipar!F:F,A70) >0,COUNTIF('Set recomendado'!B:B,C70)=0), "Bloqueada", "Desechable")),"" ) -> Desechable | J70: {=IF(ISNUMBER(A70),IFERROR(_xlfn._xlws.FILTER(Equipar!A:A,(Equipar!B:B=2)*(Equipar!AC:AC=A70)),""),"")}
A71: 83 | B71: Legendario | C71: Potenciación de la moral | D71: Fuerza | E71: Bloqueo | F71: Saque | G71: Recepción | I71: =IF(ISNUMBER(A71), IF(COUNTIFS(Equipar!B:B,2,Equipar!AC:AC,A71),"Equipada", IF( OR(COUNTIFS(Equipar!B:B,2,Equipar!C:C,A71) +COUNTIFS(Equipar!B:B,2,Equipar!D:D,A71) +COUNTIFS(Equipar!B:B,2,Equipar!E:E,A71) +COUNTIFS(Equipar!B:B,2,Equipar!F:F,A71) >0,COUNTIF('Set recomendado'!B:B,C71)=0), "Bloqueada", "Desechable")),"" ) -> Bloqueada | J71: {=IF(ISNUMBER(A71),IFERROR(_xlfn._xlws.FILTER(Equipar!A:A,(Equipar!B:B=2)*(Equipar!AC:AC=A71)),""),"")}
A72: 84 | B72: Legendario | C72: Opt. de percepción | D72: Colocación | E72: Saque | F72: Ataque poderoso | G72: Percepción | I72: =IF(ISNUMBER(A72), IF(COUNTIFS(Equipar!B:B,2,Equipar!AC:AC,A72),"Equipada", IF( OR(COUNTIFS(Equipar!B:B,2,Equipar!C:C,A72) +COUNTIFS(Equipar!B:B,2,Equipar!D:D,A72) +COUNTIFS(Equipar!B:B,2,Equipar!E:E,A72) +COUNTIFS(Equipar!B:B,2,Equipar!F:F,A72) >0,COUNTIF('Set recomendado'!B:B,C72)=0), "Bloqueada", "Desechable")),"" ) -> Bloqueada | J72: {=IF(ISNUMBER(A72),IFERROR(_xlfn._xlws.FILTER(Equipar!A:A,(Equipar!B:B=2)*(Equipar!AC:AC=A72)),""),"")}
A73: 85 | B73: Legendario | C73: Finta de colocador | D73: Ataque rápido | E73: Saque | F73: Bloqueo | G73: Saque | I73: =IF(ISNUMBER(A73), IF(COUNTIFS(Equipar!B:B,2,Equipar!AC:AC,A73),"Equipada", IF( OR(COUNTIFS(Equipar!B:B,2,Equipar!C:C,A73) +COUNTIFS(Equipar!B:B,2,Equipar!D:D,A73) +COUNTIFS(Equipar!B:B,2,Equipar!E:E,A73) +COUNTIFS(Equipar!B:B,2,Equipar!F:F,A73) >0,COUNTIF('Set recomendado'!B:B,C73)=0), "Bloqueada", "Desechable")),"" ) -> Desechable | J73: {=IF(ISNUMBER(A73),IFERROR(_xlfn._xlws.FILTER(Equipar!A:A,(Equipar!B:B=2)*(Equipar!AC:AC=A73)),""),"")}
A74: 86 | B74: Épico | C74: Opt. de percepción | D74: Percepción | E74: Saque | F74: Recepción | G74: Ataque rápido | I74: =IF(ISNUMBER(A74), IF(COUNTIFS(Equipar!B:B,2,Equipar!AC:AC,A74),"Equipada", IF( OR(COUNTIFS(Equipar!B:B,2,Equipar!C:C,A74) +COUNTIFS(Equipar!B:B,2,Equipar!D:D,A74) +COUNTIFS(Equipar!B:B,2,Equipar!E:E,A74) +COUNTIFS(Equipar!B:B,2,Equipar!F:F,A74) >0,COUNTIF('Set recomendado'!B:B,C74)=0), "Bloqueada", "Desechable")),"" ) -> Bloqueada | J74: {=IF(ISNUMBER(A74),IFERROR(_xlfn._xlws.FILTER(Equipar!A:A,(Equipar!B:B=2)*(Equipar!AC:AC=A74)),""),"")}
A75: 87 | B75: Épico | C75: Opt. de percepción | D75: Saque | E75: Bloqueo | F75: Técnica defensiva | I75: =IF(ISNUMBER(A75), IF(COUNTIFS(Equipar!B:B,2,Equipar!AC:AC,A75),"Equipada", IF( OR(COUNTIFS(Equipar!B:B,2,Equipar!C:C,A75) +COUNTIFS(Equipar!B:B,2,Equipar!D:D,A75) +COUNTIFS(Equipar!B:B,2,Equipar!E:E,A75) +COUNTIFS(Equipar!B:B,2,Equipar!F:F,A75) >0,COUNTIF('Set recomendado'!B:B,C75)=0), "Bloqueada", "Desechable")),"" ) -> Bloqueada | J75: {=IF(ISNUMBER(A75),IFERROR(_xlfn._xlws.FILTER(Equipar!A:A,(Equipar!B:B=2)*(Equipar!AC:AC=A75)),""),"")}
A76: 88 | B76: Épico | C76: Opt. de percepción | D76: Colocación | E76: Colocación | F76: Saque | I76: =IF(ISNUMBER(A76), IF(COUNTIFS(Equipar!B:B,2,Equipar!AC:AC,A76),"Equipada", IF( OR(COUNTIFS(Equipar!B:B,2,Equipar!C:C,A76) +COUNTIFS(Equipar!B:B,2,Equipar!D:D,A76) +COUNTIFS(Equipar!B:B,2,Equipar!E:E,A76) +COUNTIFS(Equipar!B:B,2,Equipar!F:F,A76) >0,COUNTIF('Set recomendado'!B:B,C76)=0), "Bloqueada", "Desechable")),"" ) -> Bloqueada | J76: {=IF(ISNUMBER(A76),IFERROR(_xlfn._xlws.FILTER(Equipar!A:A,(Equipar!B:B=2)*(Equipar!AC:AC=A76)),""),"")}
A77: 89 | B77: Épico | C77: Guardia contundente | D77: Saque | E77: Ataque poderoso | F77: Colocación | I77: =IF(ISNUMBER(A77), IF(COUNTIFS(Equipar!B:B,2,Equipar!AC:AC,A77),"Equipada", IF( OR(COUNTIFS(Equipar!B:B,2,Equipar!C:C,A77) +COUNTIFS(Equipar!B:B,2,Equipar!D:D,A77) +COUNTIFS(Equipar!B:B,2,Equipar!E:E,A77) +COUNTIFS(Equipar!B:B,2,Equipar!F:F,A77) >0,COUNTIF('Set recomendado'!B:B,C77)=0), "Bloqueada", "Desechable")),"" ) -> Desechable | J77: {=IF(ISNUMBER(A77),IFERROR(_xlfn._xlws.FILTER(Equipar!A:A,(Equipar!B:B=2)*(Equipar!AC:AC=A77)),""),"")}
A78: 90 | B78: Épico | C78: Opt. de estado | D78: Percepción | E78: Ataque poderoso | F78: Bloqueo | I78: =IF(ISNUMBER(A78), IF(COUNTIFS(Equipar!B:B,2,Equipar!AC:AC,A78),"Equipada", IF( OR(COUNTIFS(Equipar!B:B,2,Equipar!C:C,A78) +COUNTIFS(Equipar!B:B,2,Equipar!D:D,A78) +COUNTIFS(Equipar!B:B,2,Equipar!E:E,A78) +COUNTIFS(Equipar!B:B,2,Equipar!F:F,A78) >0,COUNTIF('Set recomendado'!B:B,C78)=0), "Bloqueada", "Desechable")),"" ) -> Desechable | J78: {=IF(ISNUMBER(A78),IFERROR(_xlfn._xlws.FILTER(Equipar!A:A,(Equipar!B:B=2)*(Equipar!AC:AC=A78)),""),"")}
A79: 91 | B79: Épico | C79: Opt. de estado | D79: Saque | E79: Ataque poderoso | F79: Recepción | G79: Colocación | I79: =IF(ISNUMBER(A79), IF(COUNTIFS(Equipar!B:B,2,Equipar!AC:AC,A79),"Equipada", IF( OR(COUNTIFS(Equipar!B:B,2,Equipar!C:C,A79) +COUNTIFS(Equipar!B:B,2,Equipar!D:D,A79) +COUNTIFS(Equipar!B:B,2,Equipar!E:E,A79) +COUNTIFS(Equipar!B:B,2,Equipar!F:F,A79) >0,COUNTIF('Set recomendado'!B:B,C79)=0), "Bloqueada", "Desechable")),"" ) -> Desechable | J79: {=IF(ISNUMBER(A79),IFERROR(_xlfn._xlws.FILTER(Equipar!A:A,(Equipar!B:B=2)*(Equipar!AC:AC=A79)),""),"")}
A80: 92 | B80: Legendario | C80: Opt. de percepción | D80: Ataque rápido | E80: Colocación | F80: Recepción | G80: Bloqueo | I80: =IF(ISNUMBER(A80), IF(COUNTIFS(Equipar!B:B,2,Equipar!AC:AC,A80),"Equipada", IF( OR(COUNTIFS(Equipar!B:B,2,Equipar!C:C,A80) +COUNTIFS(Equipar!B:B,2,Equipar!D:D,A80) +COUNTIFS(Equipar!B:B,2,Equipar!E:E,A80) +COUNTIFS(Equipar!B:B,2,Equipar!F:F,A80) >0,COUNTIF('Set recomendado'!B:B,C80)=0), "Bloqueada", "Desechable")),"" ) -> Bloqueada | J80: {=IF(ISNUMBER(A80),IFERROR(_xlfn._xlws.FILTER(Equipar!A:A,(Equipar!B:B=2)*(Equipar!AC:AC=A80)),""),"")}
A81: 93 | B81: Legendario | C81: Finta de colocador | D81: Fuerza | E81: Recuperación | F81: Ataque rápido | G81: Ataque rápido | H81: Reflejos | I81: =IF(ISNUMBER(A81), IF(COUNTIFS(Equipar!B:B,2,Equipar!AC:AC,A81),"Equipada", IF( OR(COUNTIFS(Equipar!B:B,2,Equipar!C:C,A81) +COUNTIFS(Equipar!B:B,2,Equipar!D:D,A81) +COUNTIFS(Equipar!B:B,2,Equipar!E:E,A81) +COUNTIFS(Equipar!B:B,2,Equipar!F:F,A81) >0,COUNTIF('Set recomendado'!B:B,C81)=0), "Bloqueada", "Desechable")),"" ) -> Desechable | J81: {=IF(ISNUMBER(A81),IFERROR(_xlfn._xlws.FILTER(Equipar!A:A,(Equipar!B:B=2)*(Equipar!AC:AC=A81)),""),"")}
A82: 94 | B82: Épico | C82: Opt. de percepción | D82: Saque | E82: Ataque rápido | F82: Ataque rápido | I82: =IF(ISNUMBER(A82), IF(COUNTIFS(Equipar!B:B,2,Equipar!AC:AC,A82),"Equipada", IF( OR(COUNTIFS(Equipar!B:B,2,Equipar!C:C,A82) +COUNTIFS(Equipar!B:B,2,Equipar!D:D,A82) +COUNTIFS(Equipar!B:B,2,Equipar!E:E,A82) +COUNTIFS(Equipar!B:B,2,Equipar!F:F,A82) >0,COUNTIF('Set recomendado'!B:B,C82)=0), "Bloqueada", "Desechable")),"" ) -> Bloqueada | J82: {=IF(ISNUMBER(A82),IFERROR(_xlfn._xlws.FILTER(Equipar!A:A,(Equipar!B:B=2)*(Equipar!AC:AC=A82)),""),"")}
A83: 95 | B83: Épico | C83: Opt. de percepción | D83: Ataque rápido | E83: Percepción | F83: Colocación | I83: =IF(ISNUMBER(A83), IF(COUNTIFS(Equipar!B:B,2,Equipar!AC:AC,A83),"Equipada", IF( OR(COUNTIFS(Equipar!B:B,2,Equipar!C:C,A83) +COUNTIFS(Equipar!B:B,2,Equipar!D:D,A83) +COUNTIFS(Equipar!B:B,2,Equipar!E:E,A83) +COUNTIFS(Equipar!B:B,2,Equipar!F:F,A83) >0,COUNTIF('Set recomendado'!B:B,C83)=0), "Bloqueada", "Desechable")),"" ) -> Bloqueada | J83: {=IF(ISNUMBER(A83),IFERROR(_xlfn._xlws.FILTER(Equipar!A:A,(Equipar!B:B=2)*(Equipar!AC:AC=A83)),""),"")}
A84: 96 | B84: Épico | C84: Finta de colocador | D84: Ataque poderoso | E84: Percepción | F84: Bloqueo | I84: =IF(ISNUMBER(A84), IF(COUNTIFS(Equipar!B:B,2,Equipar!AC:AC,A84),"Equipada", IF( OR(COUNTIFS(Equipar!B:B,2,Equipar!C:C,A84) +COUNTIFS(Equipar!B:B,2,Equipar!D:D,A84) +COUNTIFS(Equipar!B:B,2,Equipar!E:E,A84) +COUNTIFS(Equipar!B:B,2,Equipar!F:F,A84) >0,COUNTIF('Set recomendado'!B:B,C84)=0), "Bloqueada", "Desechable")),"" ) -> Desechable | J84: {=IF(ISNUMBER(A84),IFERROR(_xlfn._xlws.FILTER(Equipar!A:A,(Equipar!B:B=2)*(Equipar!AC:AC=A84)),""),"")}
A85: 97 | B85: Épico | C85: Finta de colocador | D85: Percepción | E85: Colocación | F85: Saque | G85: Colocación | I85: =IF(ISNUMBER(A85), IF(COUNTIFS(Equipar!B:B,2,Equipar!AC:AC,A85),"Equipada", IF( OR(COUNTIFS(Equipar!B:B,2,Equipar!C:C,A85) +COUNTIFS(Equipar!B:B,2,Equipar!D:D,A85) +COUNTIFS(Equipar!B:B,2,Equipar!E:E,A85) +COUNTIFS(Equipar!B:B,2,Equipar!F:F,A85) >0,COUNTIF('Set recomendado'!B:B,C85)=0), "Bloqueada", "Desechable")),"" ) -> Equipada | J85: {=IF(ISNUMBER(A85),IFERROR(_xlfn._xlws.FILTER(Equipar!A:A,(Equipar!B:B=2)*(Equipar!AC:AC=A85)),""),"")} -> Atsumu
A86: 98 | B86: Épico | C86: Finta de colocador | D86: Ataque rápido | E86: Bloqueo | F86: Colocación | G86: Recuperación | I86: =IF(ISNUMBER(A86), IF(COUNTIFS(Equipar!B:B,2,Equipar!AC:AC,A86),"Equipada", IF( OR(COUNTIFS(Equipar!B:B,2,Equipar!C:C,A86) +COUNTIFS(Equipar!B:B,2,Equipar!D:D,A86) +COUNTIFS(Equipar!B:B,2,Equipar!E:E,A86) +COUNTIFS(Equipar!B:B,2,Equipar!F:F,A86) >0,COUNTIF('Set recomendado'!B:B,C86)=0), "Bloqueada", "Desechable")),"" ) -> Desechable | J86: {=IF(ISNUMBER(A86),IFERROR(_xlfn._xlws.FILTER(Equipar!A:A,(Equipar!B:B=2)*(Equipar!AC:AC=A86)),""),"")}
A87: 99 | B87: Épico | C87: Finta de colocador | D87: Saque | E87: Técnica ofensiva | F87: Saque | G87: Ataque rápido | I87: =IF(ISNUMBER(A87), IF(COUNTIFS(Equipar!B:B,2,Equipar!AC:AC,A87),"Equipada", IF( OR(COUNTIFS(Equipar!B:B,2,Equipar!C:C,A87) +COUNTIFS(Equipar!B:B,2,Equipar!D:D,A87) +COUNTIFS(Equipar!B:B,2,Equipar!E:E,A87) +COUNTIFS(Equipar!B:B,2,Equipar!F:F,A87) >0,COUNTIF('Set recomendado'!B:B,C87)=0), "Bloqueada", "Desechable")),"" ) -> Desechable | J87: {=IF(ISNUMBER(A87),IFERROR(_xlfn._xlws.FILTER(Equipar!A:A,(Equipar!B:B=2)*(Equipar!AC:AC=A87)),""),"")}
A88: 100 | B88: Épico | C88: Guardia contundente | D88: Colocación | E88: Recepción | F88: Colocación | I88: =IF(ISNUMBER(A88), IF(COUNTIFS(Equipar!B:B,2,Equipar!AC:AC,A88),"Equipada", IF( OR(COUNTIFS(Equipar!B:B,2,Equipar!C:C,A88) +COUNTIFS(Equipar!B:B,2,Equipar!D:D,A88) +COUNTIFS(Equipar!B:B,2,Equipar!E:E,A88) +COUNTIFS(Equipar!B:B,2,Equipar!F:F,A88) >0,COUNTIF('Set recomendado'!B:B,C88)=0), "Bloqueada", "Desechable")),"" ) -> Equipada | J88: {=IF(ISNUMBER(A88),IFERROR(_xlfn._xlws.FILTER(Equipar!A:A,(Equipar!B:B=2)*(Equipar!AC:AC=A88)),""),"")} -> Komori
A89: 101 | B89: Épico | C89: Opt. de estado | D89: Fuerza | E89: Percepción | F89: Fuerza | I89: =IF(ISNUMBER(A89), IF(COUNTIFS(Equipar!B:B,2,Equipar!AC:AC,A89),"Equipada", IF( OR(COUNTIFS(Equipar!B:B,2,Equipar!C:C,A89) +COUNTIFS(Equipar!B:B,2,Equipar!D:D,A89) +COUNTIFS(Equipar!B:B,2,Equipar!E:E,A89) +COUNTIFS(Equipar!B:B,2,Equipar!F:F,A89) >0,COUNTIF('Set recomendado'!B:B,C89)=0), "Bloqueada", "Desechable")),"" ) -> Desechable | J89: {=IF(ISNUMBER(A89),IFERROR(_xlfn._xlws.FILTER(Equipar!A:A,(Equipar!B:B=2)*(Equipar!AC:AC=A89)),""),"")}
A90: 102 | B90: Épico | C90: Opt. de estado | D90: Saque | E90: Recuperación | F90: Técnica ofensiva | I90: =IF(ISNUMBER(A90), IF(COUNTIFS(Equipar!B:B,2,Equipar!AC:AC,A90),"Equipada", IF( OR(COUNTIFS(Equipar!B:B,2,Equipar!C:C,A90) +COUNTIFS(Equipar!B:B,2,Equipar!D:D,A90) +COUNTIFS(Equipar!B:B,2,Equipar!E:E,A90) +COUNTIFS(Equipar!B:B,2,Equipar!F:F,A90) >0,COUNTIF('Set recomendado'!B:B,C90)=0), "Bloqueada", "Desechable")),"" ) -> Desechable | J90: {=IF(ISNUMBER(A90),IFERROR(_xlfn._xlws.FILTER(Equipar!A:A,(Equipar!B:B=2)*(Equipar!AC:AC=A90)),""),"")}
A91: 103 | B91: Épico | C91: Opt. de estado | D91: Percepción | E91: Recepción | F91: Colocación | G91: Saque | I91: =IF(ISNUMBER(A91), IF(COUNTIFS(Equipar!B:B,2,Equipar!AC:AC,A91),"Equipada", IF( OR(COUNTIFS(Equipar!B:B,2,Equipar!C:C,A91) +COUNTIFS(Equipar!B:B,2,Equipar!D:D,A91) +COUNTIFS(Equipar!B:B,2,Equipar!E:E,A91) +COUNTIFS(Equipar!B:B,2,Equipar!F:F,A91) >0,COUNTIF('Set recomendado'!B:B,C91)=0), "Bloqueada", "Desechable")),"" ) -> Desechable | J91: {=IF(ISNUMBER(A91),IFERROR(_xlfn._xlws.FILTER(Equipar!A:A,(Equipar!B:B=2)*(Equipar!AC:AC=A91)),""),"")}
A92: 104 | B92: Legendario | C92: Potenciación de la moral | D92: Ataque poderoso | E92: Colocación | F92: Saque | G92: Bloqueo | I92: =IF(ISNUMBER(A92), IF(COUNTIFS(Equipar!B:B,2,Equipar!AC:AC,A92),"Equipada", IF( OR(COUNTIFS(Equipar!B:B,2,Equipar!C:C,A92) +COUNTIFS(Equipar!B:B,2,Equipar!D:D,A92) +COUNTIFS(Equipar!B:B,2,Equipar!E:E,A92) +COUNTIFS(Equipar!B:B,2,Equipar!F:F,A92) >0,COUNTIF('Set recomendado'!B:B,C92)=0), "Bloqueada", "Desechable")),"" ) -> Bloqueada | J92: {=IF(ISNUMBER(A92),IFERROR(_xlfn._xlws.FILTER(Equipar!A:A,(Equipar!B:B=2)*(Equipar!AC:AC=A92)),""),"")}
A93: 106 | B93: Épico | C93: Finta de colocador | D93: Saque | E93: Bloqueo | F93: Reflejos | G93: Recuperación | I93: =IF(ISNUMBER(A93), IF(COUNTIFS(Equipar!B:B,2,Equipar!AC:AC,A93),"Equipada", IF( OR(COUNTIFS(Equipar!B:B,2,Equipar!C:C,A93) +COUNTIFS(Equipar!B:B,2,Equipar!D:D,A93) +COUNTIFS(Equipar!B:B,2,Equipar!E:E,A93) +COUNTIFS(Equipar!B:B,2,Equipar!F:F,A93) >0,COUNTIF('Set recomendado'!B:B,C93)=0), "Bloqueada", "Desechable")),"" ) -> Desechable | J93: {=IF(ISNUMBER(A93),IFERROR(_xlfn._xlws.FILTER(Equipar!A:A,(Equipar!B:B=2)*(Equipar!AC:AC=A93)),""),"")}
A94: 109 | B94: Legendario | C94: Pase preciso | D94: Saque | E94: Espíritu | F94: Fuerza | G94: Bloqueo | H94: Colocación | I94: =IF(ISNUMBER(A94), IF(COUNTIFS(Equipar!B:B,2,Equipar!AC:AC,A94),"Equipada", IF( OR(COUNTIFS(Equipar!B:B,2,Equipar!C:C,A94) +COUNTIFS(Equipar!B:B,2,Equipar!D:D,A94) +COUNTIFS(Equipar!B:B,2,Equipar!E:E,A94) +COUNTIFS(Equipar!B:B,2,Equipar!F:F,A94) >0,COUNTIF('Set recomendado'!B:B,C94)=0), "Bloqueada", "Desechable")),"" ) -> Equipada | J94: {=IF(ISNUMBER(A94),IFERROR(_xlfn._xlws.FILTER(Equipar!A:A,(Equipar!B:B=2)*(Equipar!AC:AC=A94)),""),"")} -> Sugawara
A95: 110 | B95: Legendario | C95: Poder vibrante | D95: Ataque poderoso | E95: Saque | F95: Colocación | G95: Técnica ofensiva | I95: =IF(ISNUMBER(A95), IF(COUNTIFS(Equipar!B:B,2,Equipar!AC:AC,A95),"Equipada", IF( OR(COUNTIFS(Equipar!B:B,2,Equipar!C:C,A95) +COUNTIFS(Equipar!B:B,2,Equipar!D:D,A95) +COUNTIFS(Equipar!B:B,2,Equipar!E:E,A95) +COUNTIFS(Equipar!B:B,2,Equipar!F:F,A95) >0,COUNTIF('Set recomendado'!B:B,C95)=0), "Bloqueada", "Desechable")),"" ) -> Equipada | J95: {=IF(ISNUMBER(A95),IFERROR(_xlfn._xlws.FILTER(Equipar!A:A,(Equipar!B:B=2)*(Equipar!AC:AC=A95)),""),"")} -> Ojiro
A96: 111 | B96: Épico | C96: Incremento de poder | D96: Fuerza | E96: Recepción | F96: Recuperación | I96: =IF(ISNUMBER(A96), IF(COUNTIFS(Equipar!B:B,2,Equipar!AC:AC,A96),"Equipada", IF( OR(COUNTIFS(Equipar!B:B,2,Equipar!C:C,A96) +COUNTIFS(Equipar!B:B,2,Equipar!D:D,A96) +COUNTIFS(Equipar!B:B,2,Equipar!E:E,A96) +COUNTIFS(Equipar!B:B,2,Equipar!F:F,A96) >0,COUNTIF('Set recomendado'!B:B,C96)=0), "Bloqueada", "Desechable")),"" ) -> Desechable | J96: {=IF(ISNUMBER(A96),IFERROR(_xlfn._xlws.FILTER(Equipar!A:A,(Equipar!B:B=2)*(Equipar!AC:AC=A96)),""),"")}
A97: 113 | B97: Legendario | C97: Movimiento de bloqueo | D97: Fuerza | E97: Percepción | F97: Fuerza | G97: Ataque poderoso | I97: =IF(ISNUMBER(A97), IF(COUNTIFS(Equipar!B:B,2,Equipar!AC:AC,A97),"Equipada", IF( OR(COUNTIFS(Equipar!B:B,2,Equipar!C:C,A97) +COUNTIFS(Equipar!B:B,2,Equipar!D:D,A97) +COUNTIFS(Equipar!B:B,2,Equipar!E:E,A97) +COUNTIFS(Equipar!B:B,2,Equipar!F:F,A97) >0,COUNTIF('Set recomendado'!B:B,C97)=0), "Bloqueada", "Desechable")),"" ) -> Desechable | J97: {=IF(ISNUMBER(A97),IFERROR(_xlfn._xlws.FILTER(Equipar!A:A,(Equipar!B:B=2)*(Equipar!AC:AC=A97)),""),"")}
A98: 114 | B98: Épico | C98: Opt. de percepción | D98: Colocación | E98: Saque | F98: Ataque rápido | G98: Ataque rápido | I98: =IF(ISNUMBER(A98), IF(COUNTIFS(Equipar!B:B,2,Equipar!AC:AC,A98),"Equipada", IF( OR(COUNTIFS(Equipar!B:B,2,Equipar!C:C,A98) +COUNTIFS(Equipar!B:B,2,Equipar!D:D,A98) +COUNTIFS(Equipar!B:B,2,Equipar!E:E,A98) +COUNTIFS(Equipar!B:B,2,Equipar!F:F,A98) >0,COUNTIF('Set recomendado'!B:B,C98)=0), "Bloqueada", "Desechable")),"" ) -> Bloqueada | J98: {=IF(ISNUMBER(A98),IFERROR(_xlfn._xlws.FILTER(Equipar!A:A,(Equipar!B:B=2)*(Equipar!AC:AC=A98)),""),"")}
A99: 115 | B99: Épico | C99: Opt. de percepción | D99: Fuerza | E99: Recuperación | F99: Recuperación | G99: Saque | I99: =IF(ISNUMBER(A99), IF(COUNTIFS(Equipar!B:B,2,Equipar!AC:AC,A99),"Equipada", IF( OR(COUNTIFS(Equipar!B:B,2,Equipar!C:C,A99) +COUNTIFS(Equipar!B:B,2,Equipar!D:D,A99) +COUNTIFS(Equipar!B:B,2,Equipar!E:E,A99) +COUNTIFS(Equipar!B:B,2,Equipar!F:F,A99) >0,COUNTIF('Set recomendado'!B:B,C99)=0), "Bloqueada", "Desechable")),"" ) -> Bloqueada | J99: {=IF(ISNUMBER(A99),IFERROR(_xlfn._xlws.FILTER(Equipar!A:A,(Equipar!B:B=2)*(Equipar!AC:AC=A99)),""),"")}
A100: 116 | B100: Épico | C100: Opt. de percepción | D100: Fuerza | E100: Recepción | F100: Bloqueo | I100: =IF(ISNUMBER(A100), IF(COUNTIFS(Equipar!B:B,2,Equipar!AC:AC,A100),"Equipada", IF( OR(COUNTIFS(Equipar!B:B,2,Equipar!C:C,A100) +COUNTIFS(Equipar!B:B,2,Equipar!D:D,A100) +COUNTIFS(Equipar!B:B,2,Equipar!E:E,A100) +COUNTIFS(Equipar!B:B,2,Equipar!F:F,A100) >0,COUNTIF('Set recomendado'!B:B,C100)=0), "Bloqueada", "Desechable")),"" ) -> Bloqueada | J100: {=IF(ISNUMBER(A100),IFERROR(_xlfn._xlws.FILTER(Equipar!A:A,(Equipar!B:B=2)*(Equipar!AC:AC=A100)),""),"")}
...

Sheet Inventario3
A1: ID | B1: Calidad | C1: Tipo | D1: Main Stat | E1: Substat1 | F1: Substat2 | G1: Substat3 | H1: Substat4 | I1: Estado Act | J1: Jugador
A2: 2 | B2: Legendario | C2: Incremento de poder | D2: Saque | E2: Percepción | F2: Saque | G2: Ataque poderoso | H2: Bloqueo | I2: =IF(ISNUMBER(A2), IF(COUNTIFS(Equipar!B:B,3,Equipar!AC:AC,A2),"Equipada", IF( OR(COUNTIFS(Equipar!B:B,3,Equipar!C:C,A2) +COUNTIFS(Equipar!B:B,3,Equipar!D:D,A2) +COUNTIFS(Equipar!B:B,3,Equipar!E:E,A2) +COUNTIFS(Equipar!B:B,3,Equipar!F:F,A2) >0,COUNTIF('Set recomendado'!B:B,C2)=0), "Bloqueada", "Desechable")),"" ) -> Equipada | J2: {=IF(ISNUMBER(A2),IFERROR(_xlfn._xlws.FILTER(Equipar!A:A,(Equipar!B:B=3)*(Equipar!AC:AC=A2)),""),"")} -> Hoshiumi
A3: 3 | B3: Legendario | C3: Poder vibrante | D3: Saque | E3: Técnica defensiva | F3: Colocación | G3: Recepción | H3: Ataque poderoso | I3: =IF(ISNUMBER(A3), IF(COUNTIFS(Equipar!B:B,3,Equipar!AC:AC,A3),"Equipada", IF( OR(COUNTIFS(Equipar!B:B,3,Equipar!C:C,A3) +COUNTIFS(Equipar!B:B,3,Equipar!D:D,A3) +COUNTIFS(Equipar!B:B,3,Equipar!E:E,A3) +COUNTIFS(Equipar!B:B,3,Equipar!F:F,A3) >0,COUNTIF('Set recomendado'!B:B,C3)=0), "Bloqueada", "Desechable")),"" ) -> Equipada | J3: {=IF(ISNUMBER(A3),IFERROR(_xlfn._xlws.FILTER(Equipar!A:A,(Equipar!B:B=3)*(Equipar!AC:AC=A3)),""),"")} -> Sakusa
A4: 4 | B4: Legendario | C4: Poder vibrante | D4: Saque | E4: Técnica ofensiva | F4: Colocación | G4: Saque | H4: Ataque rápido | I4: =IF(ISNUMBER(A4), IF(COUNTIFS(Equipar!B:B,3,Equipar!AC:AC,A4),"Equipada", IF( OR(COUNTIFS(Equipar!B:B,3,Equipar!C:C,A4) +COUNTIFS(Equipar!B:B,3,Equipar!D:D,A4) +COUNTIFS(Equipar!B:B,3,Equipar!E:E,A4) +COUNTIFS(Equipar!B:B,3,Equipar!F:F,A4) >0,COUNTIF('Set recomendado'!B:B,C4)=0), "Bloqueada", "Desechable")),"" ) -> Equipada | J4: {=IF(ISNUMBER(A4),IFERROR(_xlfn._xlws.FILTER(Equipar!A:A,(Equipar!B:B=3)*(Equipar!AC:AC=A4)),""),"")} -> Kyotani
A5: 6 | B5: Legendario | C5: Incremento de poder | D5: Saque | E5: Recepción | F5: Ataque poderoso | G5: Recepción | H5: Técnica defensiva | I5: =IF(ISNUMBER(A5), IF(COUNTIFS(Equipar!B:B,3,Equipar!AC:AC,A5),"Equipada", IF( OR(COUNTIFS(Equipar!B:B,3,Equipar!C:C,A5) +COUNTIFS(Equipar!B:B,3,Equipar!D:D,A5) +COUNTIFS(Equipar!B:B,3,Equipar!E:E,A5) +COUNTIFS(Equipar!B:B,3,Equipar!F:F,A5) >0,COUNTIF('Set recomendado'!B:B,C5)=0), "Bloqueada", "Desechable")),"" ) -> Equipada | J5: {=IF(ISNUMBER(A5),IFERROR(_xlfn._xlws.FILTER(Equipar!A:A,(Equipar!B:B=3)*(Equipar!AC:AC=A5)),""),"")} -> Tanaka
A6: 8 | B6: Épico | C6: Poder vibrante | D6: Saque | E6: Saque | F6: Fuerza | G6: Bloqueo | H6: Recepción | I6: =IF(ISNUMBER(A6), IF(COUNTIFS(Equipar!B:B,3,Equipar!AC:AC,A6),"Equipada", IF( OR(COUNTIFS(Equipar!B:B,3,Equipar!C:C,A6) +COUNTIFS(Equipar!B:B,3,Equipar!D:D,A6) +COUNTIFS(Equipar!B:B,3,Equipar!E:E,A6) +COUNTIFS(Equipar!B:B,3,Equipar!F:F,A6) >0,COUNTIF('Set recomendado'!B:B,C6)=0), "Bloqueada", "Desechable")),"" ) -> Bloqueada | J6: {=IF(ISNUMBER(A6),IFERROR(_xlfn._xlws.FILTER(Equipar!A:A,(Equipar!B:B=3)*(Equipar!AC:AC=A6)),""),"")}
A7: 9 | B7: Épico | C7: Incremento de poder | D7: Saque | E7: Técnica ofensiva | F7: Ataque poderoso | G7: Fuerza | H7: Reflejos | I7: =IF(ISNUMBER(A7), IF(COUNTIFS(Equipar!B:B,3,Equipar!AC:AC,A7),"Equipada", IF( OR(COUNTIFS(Equipar!B:B,3,Equipar!C:C,A7) +COUNTIFS(Equipar!B:B,3,Equipar!D:D,A7) +COUNTIFS(Equipar!B:B,3,Equipar!E:E,A7) +COUNTIFS(Equipar!B:B,3,Equipar!F:F,A7) >0,COUNTIF('Set recomendado'!B:B,C7)=0), "Bloqueada", "Desechable")),"" ) -> Equipada | J7: {=IF(ISNUMBER(A7),IFERROR(_xlfn._xlws.FILTER(Equipar!A:A,(Equipar!B:B=3)*(Equipar!AC:AC=A7)),""),"")} -> Yamamoto
A8: 18 | B8: Épico | C8: Poder vibrante | D8: Saque | E8: Fuerza | F8: Ataque rápido | G8: Ataque poderoso | I8: =IF(ISNUMBER(A8), IF(COUNTIFS(Equipar!B:B,3,Equipar!AC:AC,A8),"Equipada", IF( OR(COUNTIFS(Equipar!B:B,3,Equipar!C:C,A8) +COUNTIFS(Equipar!B:B,3,Equipar!D:D,A8) +COUNTIFS(Equipar!B:B,3,Equipar!E:E,A8) +COUNTIFS(Equipar!B:B,3,Equipar!F:F,A8) >0,COUNTIF('Set recomendado'!B:B,C8)=0), "Bloqueada", "Desechable")),"" ) -> Desechable | J8: {=IF(ISNUMBER(A8),IFERROR(_xlfn._xlws.FILTER(Equipar!A:A,(Equipar!B:B=3)*(Equipar!AC:AC=A8)),""),"")}
A9: 37 | B9: Legendario | C9: Saque preciso | D9: Saque | E9: Colocación | F9: Reflejos | G9: Saque | H9: Colocación | I9: =IF(ISNUMBER(A9), IF(COUNTIFS(Equipar!B:B,3,Equipar!AC:AC,A9),"Equipada", IF( OR(COUNTIFS(Equipar!B:B,3,Equipar!C:C,A9) +COUNTIFS(Equipar!B:B,3,Equipar!D:D,A9) +COUNTIFS(Equipar!B:B,3,Equipar!E:E,A9) +COUNTIFS(Equipar!B:B,3,Equipar!F:F,A9) >0,COUNTIF('Set recomendado'!B:B,C9)=0), "Bloqueada", "Desechable")),"" ) -> Equipada | J9: {=IF(ISNUMBER(A9),IFERROR(_xlfn._xlws.FILTER(Equipar!A:A,(Equipar!B:B=3)*(Equipar!AC:AC=A9)),""),"")} -> Oikawa
A10: 38 | B10: Legendario | C10: Pase preciso | D10: Saque | E10: Ataque poderoso | F10: Saque | G10: Recepción | I10: =IF(ISNUMBER(A10), IF(COUNTIFS(Equipar!B:B,3,Equipar!AC:AC,A10),"Equipada", IF( OR(COUNTIFS(Equipar!B:B,3,Equipar!C:C,A10) +COUNTIFS(Equipar!B:B,3,Equipar!D:D,A10) +COUNTIFS(Equipar!B:B,3,Equipar!E:E,A10) +COUNTIFS(Equipar!B:B,3,Equipar!F:F,A10) >0,COUNTIF('Set recomendado'!B:B,C10)=0), "Bloqueada", "Desechable")),"" ) -> Desechable | J10: {=IF(ISNUMBER(A10),IFERROR(_xlfn._xlws.FILTER(Equipar!A:A,(Equipar!B:B=3)*(Equipar!AC:AC=A10)),""),"")}
A11: 47 | B11: Épico | C11: Saque preciso | D11: Saque | E11: Saque | F11: Recuperación | G11: Colocación | I11: =IF(ISNUMBER(A11), IF(COUNTIFS(Equipar!B:B,3,Equipar!AC:AC,A11),"Equipada", IF( OR(COUNTIFS(Equipar!B:B,3,Equipar!C:C,A11) +COUNTIFS(Equipar!B:B,3,Equipar!D:D,A11) +COUNTIFS(Equipar!B:B,3,Equipar!E:E,A11) +COUNTIFS(Equipar!B:B,3,Equipar!F:F,A11) >0,COUNTIF('Set recomendado'!B:B,C11)=0), "Bloqueada", "Desechable")),"" ) -> Desechable | J11: {=IF(ISNUMBER(A11),IFERROR(_xlfn._xlws.FILTER(Equipar!A:A,(Equipar!B:B=3)*(Equipar!AC:AC=A11)),""),"")}
A12: 67 | B12: Épico | C12: Pase preciso | D12: Saque | E12: Saque | F12: Colocación | G12: Recuperación | I12: =IF(ISNUMBER(A12), IF(COUNTIFS(Equipar!B:B,3,Equipar!AC:AC,A12),"Equipada", IF( OR(COUNTIFS(Equipar!B:B,3,Equipar!C:C,A12) +COUNTIFS(Equipar!B:B,3,Equipar!D:D,A12) +COUNTIFS(Equipar!B:B,3,Equipar!E:E,A12) +COUNTIFS(Equipar!B:B,3,Equipar!F:F,A12) >0,COUNTIF('Set recomendado'!B:B,C12)=0), "Bloqueada", "Desechable")),"" ) -> Bloqueada | J12: {=IF(ISNUMBER(A12),IFERROR(_xlfn._xlws.FILTER(Equipar!A:A,(Equipar!B:B=3)*(Equipar!AC:AC=A12)),""),"")}
A13: 73 | B13: Legendario | C13: Ataque veloz | D13: Saque | E13: Ataque rápido | F13: Ataque poderoso | G13: Colocación | I13: =IF(ISNUMBER(A13), IF(COUNTIFS(Equipar!B:B,3,Equipar!AC:AC,A13),"Equipada", IF( OR(COUNTIFS(Equipar!B:B,3,Equipar!C:C,A13) +COUNTIFS(Equipar!B:B,3,Equipar!D:D,A13) +COUNTIFS(Equipar!B:B,3,Equipar!E:E,A13) +COUNTIFS(Equipar!B:B,3,Equipar!F:F,A13) >0,COUNTIF('Set recomendado'!B:B,C13)=0), "Bloqueada", "Desechable")),"" ) -> Bloqueada | J13: {=IF(ISNUMBER(A13),IFERROR(_xlfn._xlws.FILTER(Equipar!A:A,(Equipar!B:B=3)*(Equipar!AC:AC=A13)),""),"")}
A14: 75 | B14: Legendario | C14: Sentido agudo | D14: Saque | E14: Ataque rápido | F14: Espíritu | G14: Saque | H14: Técnica ofensiva | I14: =IF(ISNUMBER(A14), IF(COUNTIFS(Equipar!B:B,3,Equipar!AC:AC,A14),"Equipada", IF( OR(COUNTIFS(Equipar!B:B,3,Equipar!C:C,A14) +COUNTIFS(Equipar!B:B,3,Equipar!D:D,A14) +COUNTIFS(Equipar!B:B,3,Equipar!E:E,A14) +COUNTIFS(Equipar!B:B,3,Equipar!F:F,A14) >0,COUNTIF('Set recomendado'!B:B,C14)=0), "Bloqueada", "Desechable")),"" ) -> Equipada | J14: {=IF(ISNUMBER(A14),IFERROR(_xlfn._xlws.FILTER(Equipar!A:A,(Equipar!B:B=3)*(Equipar!AC:AC=A14)),""),"")} -> Hinata
A15: 76 | B15: Legendario | C15: Sentido agudo | D15: Saque | E15: Ataque rápido | F15: Técnica defensiva | G15: Recuperación | I15: =IF(ISNUMBER(A15), IF(COUNTIFS(Equipar!B:B,3,Equipar!AC:AC,A15),"Equipada", IF( OR(COUNTIFS(Equipar!B:B,3,Equipar!C:C,A15) +COUNTIFS(Equipar!B:B,3,Equipar!D:D,A15) +COUNTIFS(Equipar!B:B,3,Equipar!E:E,A15) +COUNTIFS(Equipar!B:B,3,Equipar!F:F,A15) >0,COUNTIF('Set recomendado'!B:B,C15)=0), "Bloqueada", "Desechable")),"" ) -> Equipada | J15: {=IF(ISNUMBER(A15),IFERROR(_xlfn._xlws.FILTER(Equipar!A:A,(Equipar!B:B=3)*(Equipar!AC:AC=A15)),""),"")} -> Osamu
A16: 77 | B16: Legendario | C16: Movimiento de bloqueo | D16: Saque | E16: Bloqueo | F16: Colocación | G16: Recepción | H16: Ataque poderoso | I16: =IF(ISNUMBER(A16), IF(COUNTIFS(Equipar!B:B,3,Equipar!AC:AC,A16),"Equipada", IF( OR(COUNTIFS(Equipar!B:B,3,Equipar!C:C,A16) +COUNTIFS(Equipar!B:B,3,Equipar!D:D,A16) +COUNTIFS(Equipar!B:B,3,Equipar!E:E,A16) +COUNTIFS(Equipar!B:B,3,Equipar!F:F,A16) >0,COUNTIF('Set recomendado'!B:B,C16)=0), "Bloqueada", "Desechable")),"" ) -> Desechable | J16: {=IF(ISNUMBER(A16),IFERROR(_xlfn._xlws.FILTER(Equipar!A:A,(Equipar!B:B=3)*(Equipar!AC:AC=A16)),""),"")}
A17: 78 | B17: Legendario | C17: Movimiento de bloqueo | D17: Saque | E17: Recepción | F17: Ataque poderoso | G17: Bloqueo | I17: =IF(ISNUMBER(A17), IF(COUNTIFS(Equipar!B:B,3,Equipar!AC:AC,A17),"Equipada", IF( OR(COUNTIFS(Equipar!B:B,3,Equipar!C:C,A17) +COUNTIFS(Equipar!B:B,3,Equipar!D:D,A17) +COUNTIFS(Equipar!B:B,3,Equipar!E:E,A17) +COUNTIFS(Equipar!B:B,3,Equipar!F:F,A17) >0,COUNTIF('Set recomendado'!B:B,C17)=0), "Bloqueada", "Desechable")),"" ) -> Desechable | J17: {=IF(ISNUMBER(A17),IFERROR(_xlfn._xlws.FILTER(Equipar!A:A,(Equipar!B:B=3)*(Equipar!AC:AC=A17)),""),"")}
A18: 102 | B18: Épico | C18: Bloque preciso | D18: Saque | E18: Recuperación | F18: Bloqueo | G18: Saque | I18: =IF(ISNUMBER(A18), IF(COUNTIFS(Equipar!B:B,3,Equipar!AC:AC,A18),"Equipada", IF( OR(COUNTIFS(Equipar!B:B,3,Equipar!C:C,A18) +COUNTIFS(Equipar!B:B,3,Equipar!D:D,A18) +COUNTIFS(Equipar!B:B,3,Equipar!E:E,A18) +COUNTIFS(Equipar!B:B,3,Equipar!F:F,A18) >0,COUNTIF('Set recomendado'!B:B,C18)=0), "Bloqueada", "Desechable")),"" ) -> Desechable | J18: {=IF(ISNUMBER(A18),IFERROR(_xlfn._xlws.FILTER(Equipar!A:A,(Equipar!B:B=3)*(Equipar!AC:AC=A18)),""),"")}
A19: 105 | B19: Épico | C19: Bloque preciso | D19: Saque | E19: Reflejos | F19: Saque | G19: Bloqueo | I19: =IF(ISNUMBER(A19), IF(COUNTIFS(Equipar!B:B,3,Equipar!AC:AC,A19),"Equipada", IF( OR(COUNTIFS(Equipar!B:B,3,Equipar!C:C,A19) +COUNTIFS(Equipar!B:B,3,Equipar!D:D,A19) +COUNTIFS(Equipar!B:B,3,Equipar!E:E,A19) +COUNTIFS(Equipar!B:B,3,Equipar!F:F,A19) >0,COUNTIF('Set recomendado'!B:B,C19)=0), "Bloqueada", "Desechable")),"" ) -> Bloqueada | J19: {=IF(ISNUMBER(A19),IFERROR(_xlfn._xlws.FILTER(Equipar!A:A,(Equipar!B:B=3)*(Equipar!AC:AC=A19)),""),"")}
A20: 119 | B20: Épico | C20: Movimiento de bloqueo | D20: Saque | E20: Ataque rápido | F20: Bloqueo | G20: Colocación | H20: Colocación | I20: =IF(ISNUMBER(A20), IF(COUNTIFS(Equipar!B:B,3,Equipar!AC:AC,A20),"Equipada", IF( OR(COUNTIFS(Equipar!B:B,3,Equipar!C:C,A20) +COUNTIFS(Equipar!B:B,3,Equipar!D:D,A20) +COUNTIFS(Equipar!B:B,3,Equipar!E:E,A20) +COUNTIFS(Equipar!B:B,3,Equipar!F:F,A20) >0,COUNTIF('Set recomendado'!B:B,C20)=0), "Bloqueada", "Desechable")),"" ) -> Desechable | J20: {=IF(ISNUMBER(A20),IFERROR(_xlfn._xlws.FILTER(Equipar!A:A,(Equipar!B:B=3)*(Equipar!AC:AC=A20)),""),"")}
A21: 120 | B21: Legendario | C21: Recepción de asistencia | D21: Saque | E21: Saque | F21: Fuerza | G21: Bloqueo | H21: Ataque poderoso | I21: =IF(ISNUMBER(A21), IF(COUNTIFS(Equipar!B:B,3,Equipar!AC:AC,A21),"Equipada", IF( OR(COUNTIFS(Equipar!B:B,3,Equipar!C:C,A21) +COUNTIFS(Equipar!B:B,3,Equipar!D:D,A21) +COUNTIFS(Equipar!B:B,3,Equipar!E:E,A21) +COUNTIFS(Equipar!B:B,3,Equipar!F:F,A21) >0,COUNTIF('Set recomendado'!B:B,C21)=0), "Bloqueada", "Desechable")),"" ) -> Desechable | J21: {=IF(ISNUMBER(A21),IFERROR(_xlfn._xlws.FILTER(Equipar!A:A,(Equipar!B:B=3)*(Equipar!AC:AC=A21)),""),"")}
A22: 121 | B22: Legendario | C22: Recepción suprema | D22: Saque | E22: Recepción | F22: Saque | G22: Ataque rápido | I22: =IF(ISNUMBER(A22), IF(COUNTIFS(Equipar!B:B,3,Equipar!AC:AC,A22),"Equipada", IF( OR(COUNTIFS(Equipar!B:B,3,Equipar!C:C,A22) +COUNTIFS(Equipar!B:B,3,Equipar!D:D,A22) +COUNTIFS(Equipar!B:B,3,Equipar!E:E,A22) +COUNTIFS(Equipar!B:B,3,Equipar!F:F,A22) >0,COUNTIF('Set recomendado'!B:B,C22)=0), "Bloqueada", "Desechable")),"" ) -> Desechable | J22: {=IF(ISNUMBER(A22),IFERROR(_xlfn._xlws.FILTER(Equipar!A:A,(Equipar!B:B=3)*(Equipar!AC:AC=A22)),""),"")}
A23: 122 | B23: Legendario | C23: Recepción suprema | D23: Saque | E23: Recepción | F23: Colocación | G23: Ataque poderoso | H23: Técnica ofensiva | I23: =IF(ISNUMBER(A23), IF(COUNTIFS(Equipar!B:B,3,Equipar!AC:AC,A23),"Equipada", IF( OR(COUNTIFS(Equipar!B:B,3,Equipar!C:C,A23) +COUNTIFS(Equipar!B:B,3,Equipar!D:D,A23) +COUNTIFS(Equipar!B:B,3,Equipar!E:E,A23) +COUNTIFS(Equipar!B:B,3,Equipar!F:F,A23) >0,COUNTIF('Set recomendado'!B:B,C23)=0), "Bloqueada", "Desechable")),"" ) -> Equipada | J23: {=IF(ISNUMBER(A23),IFERROR(_xlfn._xlws.FILTER(Equipar!A:A,(Equipar!B:B=3)*(Equipar!AC:AC=A23)),""),"")} -> Kita
A24: 137 | B24: Épico | C24: Recepción de asistencia | D24: Saque | E24: Ataque poderoso | F24: Ataque poderoso | I24: =IF(ISNUMBER(A24), IF(COUNTIFS(Equipar!B:B,3,Equipar!AC:AC,A24),"Equipada", IF( OR(COUNTIFS(Equipar!B:B,3,Equipar!C:C,A24) +COUNTIFS(Equipar!B:B,3,Equipar!D:D,A24) +COUNTIFS(Equipar!B:B,3,Equipar!E:E,A24) +COUNTIFS(Equipar!B:B,3,Equipar!F:F,A24) >0,COUNTIF('Set recomendado'!B:B,C24)=0), "Bloqueada", "Desechable")),"" ) -> Bloqueada | J24: {=IF(ISNUMBER(A24),IFERROR(_xlfn._xlws.FILTER(Equipar!A:A,(Equipar!B:B=3)*(Equipar!AC:AC=A24)),""),"")}
A25: 138 | B25: Épico | C25: Recepción de asistencia | D25: Saque | E25: Recuperación | F25: Colocación | G25: Técnica defensiva | I25: =IF(ISNUMBER(A25), IF(COUNTIFS(Equipar!B:B,3,Equipar!AC:AC,A25),"Equipada", IF( OR(COUNTIFS(Equipar!B:B,3,Equipar!C:C,A25) +COUNTIFS(Equipar!B:B,3,Equipar!D:D,A25) +COUNTIFS(Equipar!B:B,3,Equipar!E:E,A25) +COUNTIFS(Equipar!B:B,3,Equipar!F:F,A25) >0,COUNTIF('Set recomendado'!B:B,C25)=0), "Bloqueada", "Desechable")),"" ) -> Bloqueada | J25: {=IF(ISNUMBER(A25),IFERROR(_xlfn._xlws.FILTER(Equipar!A:A,(Equipar!B:B=3)*(Equipar!AC:AC=A25)),""),"")}
A26: 152 | B26: Épico | C26: Recepción suprema | D26: Saque | E26: Recuperación | F26: Bloqueo | G26: Espíritu | I26: =IF(ISNUMBER(A26), IF(COUNTIFS(Equipar!B:B,3,Equipar!AC:AC,A26),"Equipada", IF( OR(COUNTIFS(Equipar!B:B,3,Equipar!C:C,A26) +COUNTIFS(Equipar!B:B,3,Equipar!D:D,A26) +COUNTIFS(Equipar!B:B,3,Equipar!E:E,A26) +COUNTIFS(Equipar!B:B,3,Equipar!F:F,A26) >0,COUNTIF('Set recomendado'!B:B,C26)=0), "Bloqueada", "Desechable")),"" ) -> Desechable | J26: {=IF(ISNUMBER(A26),IFERROR(_xlfn._xlws.FILTER(Equipar!A:A,(Equipar!B:B=3)*(Equipar!AC:AC=A26)),""),"")}
A27: 160 | B27: Épico | C27: Recepción suprema | D27: Saque | E27: Recuperación | F27: Espíritu | G27: Recepción | I27: =IF(ISNUMBER(A27), IF(COUNTIFS(Equipar!B:B,3,Equipar!AC:AC,A27),"Equipada", IF( OR(COUNTIFS(Equipar!B:B,3,Equipar!C:C,A27) +COUNTIFS(Equipar!B:B,3,Equipar!D:D,A27) +COUNTIFS(Equipar!B:B,3,Equipar!E:E,A27) +COUNTIFS(Equipar!B:B,3,Equipar!F:F,A27) >0,COUNTIF('Set recomendado'!B:B,C27)=0), "Bloqueada", "Desechable")),"" ) -> Equipada | J27: {=IF(ISNUMBER(A27),IFERROR(_xlfn._xlws.FILTER(Equipar!A:A,(Equipar!B:B=3)*(Equipar!AC:AC=A27)),""),"")} -> Nishinoya
A28: 161 | B28: Legendario | C28: Ataque veloz | D28: Saque | E28: Bloqueo | F28: Recepción | G28: Ataque rápido | I28: =IF(ISNUMBER(A28), IF(COUNTIFS(Equipar!B:B,3,Equipar!AC:AC,A28),"Equipada", IF( OR(COUNTIFS(Equipar!B:B,3,Equipar!C:C,A28) +COUNTIFS(Equipar!B:B,3,Equipar!D:D,A28) +COUNTIFS(Equipar!B:B,3,Equipar!E:E,A28) +COUNTIFS(Equipar!B:B,3,Equipar!F:F,A28) >0,COUNTIF('Set recomendado'!B:B,C28)=0), "Bloqueada", "Desechable")),"" ) -> Equipada | J28: {=IF(ISNUMBER(A28),IFERROR(_xlfn._xlws.FILTER(Equipar!A:A,(Equipar!B:B=3)*(Equipar!AC:AC=A28)),""),"")} -> Suna
A29: 162 | B29: Legendario | C29: Sentido agudo | D29: Saque | E29: Ataque rápido | F29: Espíritu | G29: Ataque poderoso | H29: Recepción | I29: =IF(ISNUMBER(A29), IF(COUNTIFS(Equipar!B:B,3,Equipar!AC:AC,A29),"Equipada", IF( OR(COUNTIFS(Equipar!B:B,3,Equipar!C:C,A29) +COUNTIFS(Equipar!B:B,3,Equipar!D:D,A29) +COUNTIFS(Equipar!B:B,3,Equipar!E:E,A29) +COUNTIFS(Equipar!B:B,3,Equipar!F:F,A29) >0,COUNTIF('Set recomendado'!B:B,C29)=0), "Bloqueada", "Desechable")),"" ) -> Desechable | J29: {=IF(ISNUMBER(A29),IFERROR(_xlfn._xlws.FILTER(Equipar!A:A,(Equipar!B:B=3)*(Equipar!AC:AC=A29)),""),"")}
A30: 163 | B30: Épico | C30: Saque preciso | D30: Saque | E30: Recepción | F30: Saque | I30: =IF(ISNUMBER(A30), IF(COUNTIFS(Equipar!B:B,3,Equipar!AC:AC,A30),"Equipada", IF( OR(COUNTIFS(Equipar!B:B,3,Equipar!C:C,A30) +COUNTIFS(Equipar!B:B,3,Equipar!D:D,A30) +COUNTIFS(Equipar!B:B,3,Equipar!E:E,A30) +COUNTIFS(Equipar!B:B,3,Equipar!F:F,A30) >0,COUNTIF('Set recomendado'!B:B,C30)=0), "Bloqueada", "Desechable")),"" ) -> Desechable | J30: {=IF(ISNUMBER(A30),IFERROR(_xlfn._xlws.FILTER(Equipar!A:A,(Equipar!B:B=3)*(Equipar!AC:AC=A30)),""),"")}
A31: 164 | B31: Épico | C31: Poder vibrante | D31: Saque | E31: Fuerza | F31: Ataque poderoso | G31: Recepción | I31: =IF(ISNUMBER(A31), IF(COUNTIFS(Equipar!B:B,3,Equipar!AC:AC,A31),"Equipada", IF( OR(COUNTIFS(Equipar!B:B,3,Equipar!C:C,A31) +COUNTIFS(Equipar!B:B,3,Equipar!D:D,A31) +COUNTIFS(Equipar!B:B,3,Equipar!E:E,A31) +COUNTIFS(Equipar!B:B,3,Equipar!F:F,A31) >0,COUNTIF('Set recomendado'!B:B,C31)=0), "Bloqueada", "Desechable")),"" ) -> Equipada | J31: {=IF(ISNUMBER(A31),IFERROR(_xlfn._xlws.FILTER(Equipar!A:A,(Equipar!B:B=3)*(Equipar!AC:AC=A31)),""),"")} -> Iwaizumi
A32: 165 | B32: Épico | C32: Poder vibrante | D32: Saque | E32: Percepción | F32: Técnica defensiva | G32: Saque | I32: =IF(ISNUMBER(A32), IF(COUNTIFS(Equipar!B:B,3,Equipar!AC:AC,A32),"Equipada", IF( OR(COUNTIFS(Equipar!B:B,3,Equipar!C:C,A32) +COUNTIFS(Equipar!B:B,3,Equipar!D:D,A32) +COUNTIFS(Equipar!B:B,3,Equipar!E:E,A32) +COUNTIFS(Equipar!B:B,3,Equipar!F:F,A32) >0,COUNTIF('Set recomendado'!B:B,C32)=0), "Bloqueada", "Desechable")),"" ) -> Desechable | J32: {=IF(ISNUMBER(A32),IFERROR(_xlfn._xlws.FILTER(Equipar!A:A,(Equipar!B:B=3)*(Equipar!AC:AC=A32)),""),"")}
A33: 167 | B33: Épico | C33: Bloque preciso | D33: Saque | E33: Bloqueo | F33: Bloqueo | I33: =IF(ISNUMBER(A33), IF(COUNTIFS(Equipar!B:B,3,Equipar!AC:AC,A33),"Equipada", IF( OR(COUNTIFS(Equipar!B:B,3,Equipar!C:C,A33) +COUNTIFS(Equipar!B:B,3,Equipar!D:D,A33) +COUNTIFS(Equipar!B:B,3,Equipar!E:E,A33) +COUNTIFS(Equipar!B:B,3,Equipar!F:F,A33) >0,COUNTIF('Set recomendado'!B:B,C33)=0), "Bloqueada", "Desechable")),"" ) -> Equipada | J33: {=IF(ISNUMBER(A33),IFERROR(_xlfn._xlws.FILTER(Equipar!A:A,(Equipar!B:B=3)*(Equipar!AC:AC=A33)),""),"")} -> Kuroo
A34: 169 | B34: Épico | C34: Bloque preciso | D34: Saque | E34: Bloqueo | F34: Colocación | I34: =IF(ISNUMBER(A34), IF(COUNTIFS(Equipar!B:B,3,Equipar!AC:AC,A34),"Equipada", IF( OR(COUNTIFS(Equipar!B:B,3,Equipar!C:C,A34) +COUNTIFS(Equipar!B:B,3,Equipar!D:D,A34) +COUNTIFS(Equipar!B:B,3,Equipar!E:E,A34) +COUNTIFS(Equipar!B:B,3,Equipar!F:F,A34) >0,COUNTIF('Set recomendado'!B:B,C34)=0), "Bloqueada", "Desechable")),"" ) -> Desechable | J34: {=IF(ISNUMBER(A34),IFERROR(_xlfn._xlws.FILTER(Equipar!A:A,(Equipar!B:B=3)*(Equipar!AC:AC=A34)),""),"")}
A35: 170 | B35: Épico | C35: Bloque preciso | D35: Saque | E35: Colocación | F35: Saque | I35: =IF(ISNUMBER(A35), IF(COUNTIFS(Equipar!B:B,3,Equipar!AC:AC,A35),"Equipada", IF( OR(COUNTIFS(Equipar!B:B,3,Equipar!C:C,A35) +COUNTIFS(Equipar!B:B,3,Equipar!D:D,A35) +COUNTIFS(Equipar!B:B,3,Equipar!E:E,A35) +COUNTIFS(Equipar!B:B,3,Equipar!F:F,A35) >0,COUNTIF('Set recomendado'!B:B,C35)=0), "Bloqueada", "Desechable")),"" ) -> Desechable | J35: {=IF(ISNUMBER(A35),IFERROR(_xlfn._xlws.FILTER(Equipar!A:A,(Equipar!B:B=3)*(Equipar!AC:AC=A35)),""),"")}
A36: 171 | B36: Épico | C36: Recepción de asistencia | D36: Saque | E36: Colocación | F36: Reflejos | I36: =IF(ISNUMBER(A36), IF(COUNTIFS(Equipar!B:B,3,Equipar!AC:AC,A36),"Equipada", IF( OR(COUNTIFS(Equipar!B:B,3,Equipar!C:C,A36) +COUNTIFS(Equipar!B:B,3,Equipar!D:D,A36) +COUNTIFS(Equipar!B:B,3,Equipar!E:E,A36) +COUNTIFS(Equipar!B:B,3,Equipar!F:F,A36) >0,COUNTIF('Set recomendado'!B:B,C36)=0), "Bloqueada", "Desechable")),"" ) -> Desechable | J36: {=IF(ISNUMBER(A36),IFERROR(_xlfn._xlws.FILTER(Equipar!A:A,(Equipar!B:B=3)*(Equipar!AC:AC=A36)),""),"")}
A37: 172 | B37: Épico | C37: Recepción de asistencia | D37: Saque | E37: Saque | F37: Colocación | I37: =IF(ISNUMBER(A37), IF(COUNTIFS(Equipar!B:B,3,Equipar!AC:AC,A37),"Equipada", IF( OR(COUNTIFS(Equipar!B:B,3,Equipar!C:C,A37) +COUNTIFS(Equipar!B:B,3,Equipar!D:D,A37) +COUNTIFS(Equipar!B:B,3,Equipar!E:E,A37) +COUNTIFS(Equipar!B:B,3,Equipar!F:F,A37) >0,COUNTIF('Set recomendado'!B:B,C37)=0), "Bloqueada", "Desechable")),"" ) -> Desechable | J37: {=IF(ISNUMBER(A37),IFERROR(_xlfn._xlws.FILTER(Equipar!A:A,(Equipar!B:B=3)*(Equipar!AC:AC=A37)),""),"")}
A38: 173 | B38: Épico | C38: Pase preciso | D38: Saque | E38: Saque | F38: Ataque poderoso | I38: =IF(ISNUMBER(A38), IF(COUNTIFS(Equipar!B:B,3,Equipar!AC:AC,A38),"Equipada", IF( OR(COUNTIFS(Equipar!B:B,3,Equipar!C:C,A38) +COUNTIFS(Equipar!B:B,3,Equipar!D:D,A38) +COUNTIFS(Equipar!B:B,3,Equipar!E:E,A38) +COUNTIFS(Equipar!B:B,3,Equipar!F:F,A38) >0,COUNTIF('Set recomendado'!B:B,C38)=0), "Bloqueada", "Desechable")),"" ) -> Desechable | J38: {=IF(ISNUMBER(A38),IFERROR(_xlfn._xlws.FILTER(Equipar!A:A,(Equipar!B:B=3)*(Equipar!AC:AC=A38)),""),"")}
A39: 174 | B39: Épico | C39: Pase preciso | D39: Saque | E39: Técnica ofensiva | F39: Saque | I39: =IF(ISNUMBER(A39), IF(COUNTIFS(Equipar!B:B,3,Equipar!AC:AC,A39),"Equipada", IF( OR(COUNTIFS(Equipar!B:B,3,Equipar!C:C,A39) +COUNTIFS(Equipar!B:B,3,Equipar!D:D,A39) +COUNTIFS(Equipar!B:B,3,Equipar!E:E,A39) +COUNTIFS(Equipar!B:B,3,Equipar!F:F,A39) >0,COUNTIF('Set recomendado'!B:B,C39)=0), "Bloqueada", "Desechable")),"" ) -> Desechable | J39: {=IF(ISNUMBER(A39),IFERROR(_xlfn._xlws.FILTER(Equipar!A:A,(Equipar!B:B=3)*(Equipar!AC:AC=A39)),""),"")}
A40: 175 | B40: Épico | C40: Incremento de poder | D40: Saque | E40: Recuperación | F40: Fuerza | I40: =IF(ISNUMBER(A40), IF(COUNTIFS(Equipar!B:B,3,Equipar!AC:AC,A40),"Equipada", IF( OR(COUNTIFS(Equipar!B:B,3,Equipar!C:C,A40) +COUNTIFS(Equipar!B:B,3,Equipar!D:D,A40) +COUNTIFS(Equipar!B:B,3,Equipar!E:E,A40) +COUNTIFS(Equipar!B:B,3,Equipar!F:F,A40) >0,COUNTIF('Set recomendado'!B:B,C40)=0), "Bloqueada", "Desechable")),"" ) -> Desechable | J40: {=IF(ISNUMBER(A40),IFERROR(_xlfn._xlws.FILTER(Equipar!A:A,(Equipar!B:B=3)*(Equipar!AC:AC=A40)),""),"")}
A41: 176 | B41: Épico | C41: Incremento de poder | D41: Saque | E41: Ataque rápido | F41: Técnica ofensiva | G41: Recuperación | I41: =IF(ISNUMBER(A41), IF(COUNTIFS(Equipar!B:B,3,Equipar!AC:AC,A41),"Equipada", IF( OR(COUNTIFS(Equipar!B:B,3,Equipar!C:C,A41) +COUNTIFS(Equipar!B:B,3,Equipar!D:D,A41) +COUNTIFS(Equipar!B:B,3,Equipar!E:E,A41) +COUNTIFS(Equipar!B:B,3,Equipar!F:F,A41) >0,COUNTIF('Set recomendado'!B:B,C41)=0), "Bloqueada", "Desechable")),"" ) -> Desechable | J41: {=IF(ISNUMBER(A41),IFERROR(_xlfn._xlws.FILTER(Equipar!A:A,(Equipar!B:B=3)*(Equipar!AC:AC=A41)),""),"")}
A42: 177 | B42: Épico | C42: Sentido agudo | D42: Saque | E42: Recuperación | F42: Recuperación | I42: =IF(ISNUMBER(A42), IF(COUNTIFS(Equipar!B:B,3,Equipar!AC:AC,A42),"Equipada", IF( OR(COUNTIFS(Equipar!B:B,3,Equipar!C:C,A42) +COUNTIFS(Equipar!B:B,3,Equipar!D:D,A42) +COUNTIFS(Equipar!B:B,3,Equipar!E:E,A42) +COUNTIFS(Equipar!B:B,3,Equipar!F:F,A42) >0,COUNTIF('Set recomendado'!B:B,C42)=0), "Bloqueada", "Desechable")),"" ) -> Desechable | J42: {=IF(ISNUMBER(A42),IFERROR(_xlfn._xlws.FILTER(Equipar!A:A,(Equipar!B:B=3)*(Equipar!AC:AC=A42)),""),"")}
A43: 178 | B43: Épico | C43: Movimiento de bloqueo | D43: Saque | E43: Ataque poderoso | F43: Recuperación | I43: =IF(ISNUMBER(A43), IF(COUNTIFS(Equipar!B:B,3,Equipar!AC:AC,A43),"Equipada", IF( OR(COUNTIFS(Equipar!B:B,3,Equipar!C:C,A43) +COUNTIFS(Equipar!B:B,3,Equipar!D:D,A43) +COUNTIFS(Equipar!B:B,3,Equipar!E:E,A43) +COUNTIFS(Equipar!B:B,3,Equipar!F:F,A43) >0,COUNTIF('Set recomendado'!B:B,C43)=0), "Bloqueada", "Desechable")),"" ) -> Desechable | J43: {=IF(ISNUMBER(A43),IFERROR(_xlfn._xlws.FILTER(Equipar!A:A,(Equipar!B:B=3)*(Equipar!AC:AC=A43)),""),"")}
A44: 179 | B44: Épico | C44: Movimiento de bloqueo | D44: Saque | E44: Saque | F44: Espíritu | I44: =IF(ISNUMBER(A44), IF(COUNTIFS(Equipar!B:B,3,Equipar!AC:AC,A44),"Equipada", IF( OR(COUNTIFS(Equipar!B:B,3,Equipar!C:C,A44) +COUNTIFS(Equipar!B:B,3,Equipar!D:D,A44) +COUNTIFS(Equipar!B:B,3,Equipar!E:E,A44) +COUNTIFS(Equipar!B:B,3,Equipar!F:F,A44) >0,COUNTIF('Set recomendado'!B:B,C44)=0), "Bloqueada", "Desechable")),"" ) -> Desechable | J44: {=IF(ISNUMBER(A44),IFERROR(_xlfn._xlws.FILTER(Equipar!A:A,(Equipar!B:B=3)*(Equipar!AC:AC=A44)),""),"")}
A45: 180 | B45: Épico | C45: Recepción suprema | D45: Saque | E45: Ataque poderoso | F45: Recuperación | I45: =IF(ISNUMBER(A45), IF(COUNTIFS(Equipar!B:B,3,Equipar!AC:AC,A45),"Equipada", IF( OR(COUNTIFS(Equipar!B:B,3,Equipar!C:C,A45) +COUNTIFS(Equipar!B:B,3,Equipar!D:D,A45) +COUNTIFS(Equipar!B:B,3,Equipar!E:E,A45) +COUNTIFS(Equipar!B:B,3,Equipar!F:F,A45) >0,COUNTIF('Set recomendado'!B:B,C45)=0), "Bloqueada", "Desechable")),"" ) -> Desechable | J45: {=IF(ISNUMBER(A45),IFERROR(_xlfn._xlws.FILTER(Equipar!A:A,(Equipar!B:B=3)*(Equipar!AC:AC=A45)),""),"")}
A46: 181 | B46: Épico | C46: Recepción suprema | D46: Saque | E46: Ataque poderoso | F46: Saque | I46: =IF(ISNUMBER(A46), IF(COUNTIFS(Equipar!B:B,3,Equipar!AC:AC,A46),"Equipada", IF( OR(COUNTIFS(Equipar!B:B,3,Equipar!C:C,A46) +COUNTIFS(Equipar!B:B,3,Equipar!D:D,A46) +COUNTIFS(Equipar!B:B,3,Equipar!E:E,A46) +COUNTIFS(Equipar!B:B,3,Equipar!F:F,A46) >0,COUNTIF('Set recomendado'!B:B,C46)=0), "Bloqueada", "Desechable")),"" ) -> Desechable | J46: {=IF(ISNUMBER(A46),IFERROR(_xlfn._xlws.FILTER(Equipar!A:A,(Equipar!B:B=3)*(Equipar!AC:AC=A46)),""),"")}
A47: 182 | B47: Épico | C47: Recepción suprema | D47: Saque | E47: Recuperación | F47: Recepción | I47: =IF(ISNUMBER(A47), IF(COUNTIFS(Equipar!B:B,3,Equipar!AC:AC,A47),"Equipada", IF( OR(COUNTIFS(Equipar!B:B,3,Equipar!C:C,A47) +COUNTIFS(Equipar!B:B,3,Equipar!D:D,A47) +COUNTIFS(Equipar!B:B,3,Equipar!E:E,A47) +COUNTIFS(Equipar!B:B,3,Equipar!F:F,A47) >0,COUNTIF('Set recomendado'!B:B,C47)=0), "Bloqueada", "Desechable")),"" ) -> Equipada | J47: {=IF(ISNUMBER(A47),IFERROR(_xlfn._xlws.FILTER(Equipar!A:A,(Equipar!B:B=3)*(Equipar!AC:AC=A47)),""),"")} -> Akagi
A48: 183 | B48: Épico | C48: Opt. de estado | D48: Saque | E48: Espíritu | F48: Recuperación | I48: =IF(ISNUMBER(A48), IF(COUNTIFS(Equipar!B:B,3,Equipar!AC:AC,A48),"Equipada", IF( OR(COUNTIFS(Equipar!B:B,3,Equipar!C:C,A48) +COUNTIFS(Equipar!B:B,3,Equipar!D:D,A48) +COUNTIFS(Equipar!B:B,3,Equipar!E:E,A48) +COUNTIFS(Equipar!B:B,3,Equipar!F:F,A48) >0,COUNTIF('Set recomendado'!B:B,C48)=0), "Bloqueada", "Desechable")),"" ) -> Desechable | J48: {=IF(ISNUMBER(A48),IFERROR(_xlfn._xlws.FILTER(Equipar!A:A,(Equipar!B:B=3)*(Equipar!AC:AC=A48)),""),"")}
A49: 184 | B49: Legendario | C49: Bloque preciso | D49: Saque | E49: Ataque rápido | F49: Saque | G49: Reflejos | I49: =IF(ISNUMBER(A49), IF(COUNTIFS(Equipar!B:B,3,Equipar!AC:AC,A49),"Equipada", IF( OR(COUNTIFS(Equipar!B:B,3,Equipar!C:C,A49) +COUNTIFS(Equipar!B:B,3,Equipar!D:D,A49) +COUNTIFS(Equipar!B:B,3,Equipar!E:E,A49) +COUNTIFS(Equipar!B:B,3,Equipar!F:F,A49) >0,COUNTIF('Set recomendado'!B:B,C49)=0), "Bloqueada", "Desechable")),"" ) -> Equipada | J49: {=IF(ISNUMBER(A49),IFERROR(_xlfn._xlws.FILTER(Equipar!A:A,(Equipar!B:B=3)*(Equipar!AC:AC=A49)),""),"")} -> Hirugami
A50: 185 | B50: Legendario | C50: Opt. de estado | D50: Saque | E50: Ataque poderoso | F50: Bloqueo | G50: Ataque rápido | I50: =IF(ISNUMBER(A50), IF(COUNTIFS(Equipar!B:B,3,Equipar!AC:AC,A50),"Equipada", IF( OR(COUNTIFS(Equipar!B:B,3,Equipar!C:C,A50) +COUNTIFS(Equipar!B:B,3,Equipar!D:D,A50) +COUNTIFS(Equipar!B:B,3,Equipar!E:E,A50) +COUNTIFS(Equipar!B:B,3,Equipar!F:F,A50) >0,COUNTIF('Set recomendado'!B:B,C50)=0), "Bloqueada", "Desechable")),"" ) -> Desechable | J50: {=IF(ISNUMBER(A50),IFERROR(_xlfn._xlws.FILTER(Equipar!A:A,(Equipar!B:B=3)*(Equipar!AC:AC=A50)),""),"")}
A51: 186 | B51: Épico | C51: Opt. de percepción | D51: Saque | E51: Colocación | F51: Colocación | I51: =IF(ISNUMBER(A51), IF(COUNTIFS(Equipar!B:B,3,Equipar!AC:AC,A51),"Equipada", IF( OR(COUNTIFS(Equipar!B:B,3,Equipar!C:C,A51) +COUNTIFS(Equipar!B:B,3,Equipar!D:D,A51) +COUNTIFS(Equipar!B:B,3,Equipar!E:E,A51) +COUNTIFS(Equipar!B:B,3,Equipar!F:F,A51) >0,COUNTIF('Set recomendado'!B:B,C51)=0), "Bloqueada", "Desechable")),"" ) -> Bloqueada | J51: {=IF(ISNUMBER(A51),IFERROR(_xlfn._xlws.FILTER(Equipar!A:A,(Equipar!B:B=3)*(Equipar!AC:AC=A51)),""),"")}
A52: 187 | B52: Épico | C52: Opt. de percepción | D52: Saque | E52: Bloqueo | F52: Saque | I52: =IF(ISNUMBER(A52), IF(COUNTIFS(Equipar!B:B,3,Equipar!AC:AC,A52),"Equipada", IF( OR(COUNTIFS(Equipar!B:B,3,Equipar!C:C,A52) +COUNTIFS(Equipar!B:B,3,Equipar!D:D,A52) +COUNTIFS(Equipar!B:B,3,Equipar!E:E,A52) +COUNTIFS(Equipar!B:B,3,Equipar!F:F,A52) >0,COUNTIF('Set recomendado'!B:B,C52)=0), "Bloqueada", "Desechable")),"" ) -> Bloqueada | J52: {=IF(ISNUMBER(A52),IFERROR(_xlfn._xlws.FILTER(Equipar!A:A,(Equipar!B:B=3)*(Equipar!AC:AC=A52)),""),"")}
A53: 188 | B53: Épico | C53: Opt. de percepción | D53: Saque | E53: Ataque rápido | F53: Recuperación | G53: Percepción | I53: =IF(ISNUMBER(A53), IF(COUNTIFS(Equipar!B:B,3,Equipar!AC:AC,A53),"Equipada", IF( OR(COUNTIFS(Equipar!B:B,3,Equipar!C:C,A53) +COUNTIFS(Equipar!B:B,3,Equipar!D:D,A53) +COUNTIFS(Equipar!B:B,3,Equipar!E:E,A53) +COUNTIFS(Equipar!B:B,3,Equipar!F:F,A53) >0,COUNTIF('Set recomendado'!B:B,C53)=0), "Bloqueada", "Desechable")),"" ) -> Bloqueada | J53: {=IF(ISNUMBER(A53),IFERROR(_xlfn._xlws.FILTER(Equipar!A:A,(Equipar!B:B=3)*(Equipar!AC:AC=A53)),""),"")}
A54: 189 | B54: Épico | C54: Opt. de percepción | D54: Saque | E54: Técnica defensiva | F54: Reflejos | G54: Saque | I54: =IF(ISNUMBER(A54), IF(COUNTIFS(Equipar!B:B,3,Equipar!AC:AC,A54),"Equipada", IF( OR(COUNTIFS(Equipar!B:B,3,Equipar!C:C,A54) +COUNTIFS(Equipar!B:B,3,Equipar!D:D,A54) +COUNTIFS(Equipar!B:B,3,Equipar!E:E,A54) +COUNTIFS(Equipar!B:B,3,Equipar!F:F,A54) >0,COUNTIF('Set recomendado'!B:B,C54)=0), "Bloqueada", "Desechable")),"" ) -> Bloqueada | J54: {=IF(ISNUMBER(A54),IFERROR(_xlfn._xlws.FILTER(Equipar!A:A,(Equipar!B:B=3)*(Equipar!AC:AC=A54)),""),"")}
A55: 190 | B55: Épico | C55: Opt. de percepción | D55: Saque | E55: Ataque poderoso | F55: Percepción | I55: =IF(ISNUMBER(A55), IF(COUNTIFS(Equipar!B:B,3,Equipar!AC:AC,A55),"Equipada", IF( OR(COUNTIFS(Equipar!B:B,3,Equipar!C:C,A55) +COUNTIFS(Equipar!B:B,3,Equipar!D:D,A55) +COUNTIFS(Equipar!B:B,3,Equipar!E:E,A55) +COUNTIFS(Equipar!B:B,3,Equipar!F:F,A55) >0,COUNTIF('Set recomendado'!B:B,C55)=0), "Bloqueada", "Desechable")),"" ) -> Bloqueada | J55: {=IF(ISNUMBER(A55),IFERROR(_xlfn._xlws.FILTER(Equipar!A:A,(Equipar!B:B=3)*(Equipar!AC:AC=A55)),""),"")}
A56: 191 | B56: Épico | C56: Opt. de percepción | D56: Saque | E56: Ataque poderoso | F56: Saque | I56: =IF(ISNUMBER(A56), IF(COUNTIFS(Equipar!B:B,3,Equipar!AC:AC,A56),"Equipada", IF( OR(COUNTIFS(Equipar!B:B,3,Equipar!C:C,A56) +COUNTIFS(Equipar!B:B,3,Equipar!D:D,A56) +COUNTIFS(Equipar!B:B,3,Equipar!E:E,A56) +COUNTIFS(Equipar!B:B,3,Equipar!F:F,A56) >0,COUNTIF('Set recomendado'!B:B,C56)=0), "Bloqueada", "Desechable")),"" ) -> Bloqueada | J56: {=IF(ISNUMBER(A56),IFERROR(_xlfn._xlws.FILTER(Equipar!A:A,(Equipar!B:B=3)*(Equipar!AC:AC=A56)),""),"")}
A57: 192 | B57: Épico | C57: Finta de colocador | D57: Saque | E57: Espíritu | F57: Ataque rápido | G57: Bloqueo | I57: =IF(ISNUMBER(A57), IF(COUNTIFS(Equipar!B:B,3,Equipar!AC:AC,A57),"Equipada", IF( OR(COUNTIFS(Equipar!B:B,3,Equipar!C:C,A57) +COUNTIFS(Equipar!B:B,3,Equipar!D:D,A57) +COUNTIFS(Equipar!B:B,3,Equipar!E:E,A57) +COUNTIFS(Equipar!B:B,3,Equipar!F:F,A57) >0,COUNTIF('Set recomendado'!B:B,C57)=0), "Bloqueada", "Desechable")),"" ) -> Desechable | J57: {=IF(ISNUMBER(A57),IFERROR(_xlfn._xlws.FILTER(Equipar!A:A,(Equipar!B:B=3)*(Equipar!AC:AC=A57)),""),"")}
A58: 193 | B58: Épico | C58: Finta de colocador | D58: Saque | E58: Ataque rápido | F58: Ataque poderoso | G58: Reflejos | I58: =IF(ISNUMBER(A58), IF(COUNTIFS(Equipar!B:B,3,Equipar!AC:AC,A58),"Equipada", IF( OR(COUNTIFS(Equipar!B:B,3,Equipar!C:C,A58) +COUNTIFS(Equipar!B:B,3,Equipar!D:D,A58) +COUNTIFS(Equipar!B:B,3,Equipar!E:E,A58) +COUNTIFS(Equipar!B:B,3,Equipar!F:F,A58) >0,COUNTIF('Set recomendado'!B:B,C58)=0), "Bloqueada", "Desechable")),"" ) -> Desechable | J58: {=IF(ISNUMBER(A58),IFERROR(_xlfn._xlws.FILTER(Equipar!A:A,(Equipar!B:B=3)*(Equipar!AC:AC=A58)),""),"")}
A59: 194 | B59: Épico | C59: Finta de colocador | D59: Saque | E59: Ataque rápido | F59: Espíritu | I59: =IF(ISNUMBER(A59), IF(COUNTIFS(Equipar!B:B,3,Equipar!AC:AC,A59),"Equipada", IF( OR(COUNTIFS(Equipar!B:B,3,Equipar!C:C,A59) +COUNTIFS(Equipar!B:B,3,Equipar!D:D,A59) +COUNTIFS(Equipar!B:B,3,Equipar!E:E,A59) +COUNTIFS(Equipar!B:B,3,Equipar!F:F,A59) >0,COUNTIF('Set recomendado'!B:B,C59)=0), "Bloqueada", "Desechable")),"" ) -> Desechable | J59: {=IF(ISNUMBER(A59),IFERROR(_xlfn._xlws.FILTER(Equipar!A:A,(Equipar!B:B=3)*(Equipar!AC:AC=A59)),""),"")}
A60: 195 | B60: Épico | C60: Finta de colocador | D60: Saque | E60: Percepción | F60: Bloqueo | G60: Recepción | I60: =IF(ISNUMBER(A60), IF(COUNTIFS(Equipar!B:B,3,Equipar!AC:AC,A60),"Equipada", IF( OR(COUNTIFS(Equipar!B:B,3,Equipar!C:C,A60) +COUNTIFS(Equipar!B:B,3,Equipar!D:D,A60) +COUNTIFS(Equipar!B:B,3,Equipar!E:E,A60) +COUNTIFS(Equipar!B:B,3,Equipar!F:F,A60) >0,COUNTIF('Set recomendado'!B:B,C60)=0), "Bloqueada", "Desechable")),"" ) -> Desechable | J60: {=IF(ISNUMBER(A60),IFERROR(_xlfn._xlws.FILTER(Equipar!A:A,(Equipar!B:B=3)*(Equipar!AC:AC=A60)),""),"")}
A61: 196 | B61: Épico | C61: Finta de colocador | D61: Saque | E61: Técnica defensiva | F61: Recepción | I61: =IF(ISNUMBER(A61), IF(COUNTIFS(Equipar!B:B,3,Equipar!AC:AC,A61),"Equipada", IF( OR(COUNTIFS(Equipar!B:B,3,Equipar!C:C,A61) +COUNTIFS(Equipar!B:B,3,Equipar!D:D,A61) +COUNTIFS(Equipar!B:B,3,Equipar!E:E,A61) +COUNTIFS(Equipar!B:B,3,Equipar!F:F,A61) >0,COUNTIF('Set recomendado'!B:B,C61)=0), "Bloqueada", "Desechable")),"" ) -> Desechable | J61: {=IF(ISNUMBER(A61),IFERROR(_xlfn._xlws.FILTER(Equipar!A:A,(Equipar!B:B=3)*(Equipar!AC:AC=A61)),""),"")}
A62: 197 | B62: Épico | C62: Finta de colocador | D62: Saque | E62: Colocación | F62: Técnica ofensiva | G62: Colocación | I62: =IF(ISNUMBER(A62), IF(COUNTIFS(Equipar!B:B,3,Equipar!AC:AC,A62),"Equipada", IF( OR(COUNTIFS(Equipar!B:B,3,Equipar!C:C,A62) +COUNTIFS(Equipar!B:B,3,Equipar!D:D,A62) +COUNTIFS(Equipar!B:B,3,Equipar!E:E,A62) +COUNTIFS(Equipar!B:B,3,Equipar!F:F,A62) >0,COUNTIF('Set recomendado'!B:B,C62)=0), "Bloqueada", "Desechable")),"" ) -> Desechable | J62: {=IF(ISNUMBER(A62),IFERROR(_xlfn._xlws.FILTER(Equipar!A:A,(Equipar!B:B=3)*(Equipar!AC:AC=A62)),""),"")}
A63: 198 | B63: Épico | C63: Finta de colocador | D63: Saque | E63: Recuperación | F63: Ataque rápido | I63: =IF(ISNUMBER(A63), IF(COUNTIFS(Equipar!B:B,3,Equipar!AC:AC,A63),"Equipada", IF( OR(COUNTIFS(Equipar!B:B,3,Equipar!C:C,A63) +COUNTIFS(Equipar!B:B,3,Equipar!D:D,A63) +COUNTIFS(Equipar!B:B,3,Equipar!E:E,A63) +COUNTIFS(Equipar!B:B,3,Equipar!F:F,A63) >0,COUNTIF('Set recomendado'!B:B,C63)=0), "Bloqueada", "Desechable")),"" ) -> Desechable | J63: {=IF(ISNUMBER(A63),IFERROR(_xlfn._xlws.FILTER(Equipar!A:A,(Equipar!B:B=3)*(Equipar!AC:AC=A63)),""),"")}
A64: 199 | B64: Épico | C64: Finta de colocador | D64: Saque | E64: Técnica defensiva | F64: Recuperación | I64: =IF(ISNUMBER(A64), IF(COUNTIFS(Equipar!B:B,3,Equipar!AC:AC,A64),"Equipada", IF( OR(COUNTIFS(Equipar!B:B,3,Equipar!C:C,A64) +COUNTIFS(Equipar!B:B,3,Equipar!D:D,A64) +COUNTIFS(Equipar!B:B,3,Equipar!E:E,A64) +COUNTIFS(Equipar!B:B,3,Equipar!F:F,A64) >0,COUNTIF('Set recomendado'!B:B,C64)=0), "Bloqueada", "Desechable")),"" ) -> Desechable | J64: {=IF(ISNUMBER(A64),IFERROR(_xlfn._xlws.FILTER(Equipar!A:A,(Equipar!B:B=3)*(Equipar!AC:AC=A64)),""),"")}
A65: 200 | B65: Épico | C65: Finta de colocador | D65: Saque | E65: Percepción | F65: Técnica ofensiva | G65: Colocación | I65: =IF(ISNUMBER(A65), IF(COUNTIFS(Equipar!B:B,3,Equipar!AC:AC,A65),"Equipada", IF( OR(COUNTIFS(Equipar!B:B,3,Equipar!C:C,A65) +COUNTIFS(Equipar!B:B,3,Equipar!D:D,A65) +COUNTIFS(Equipar!B:B,3,Equipar!E:E,A65) +COUNTIFS(Equipar!B:B,3,Equipar!F:F,A65) >0,COUNTIF('Set recomendado'!B:B,C65)=0), "Bloqueada", "Desechable")),"" ) -> Desechable | J65: {=IF(ISNUMBER(A65),IFERROR(_xlfn._xlws.FILTER(Equipar!A:A,(Equipar!B:B=3)*(Equipar!AC:AC=A65)),""),"")}
A66: 201 | B66: Épico | C66: Finta de colocador | D66: Saque | E66: Espíritu | F66: Ataque poderoso | G66: Recuperación | I66: =IF(ISNUMBER(A66), IF(COUNTIFS(Equipar!B:B,3,Equipar!AC:AC,A66),"Equipada", IF( OR(COUNTIFS(Equipar!B:B,3,Equipar!C:C,A66) +COUNTIFS(Equipar!B:B,3,Equipar!D:D,A66) +COUNTIFS(Equipar!B:B,3,Equipar!E:E,A66) +COUNTIFS(Equipar!B:B,3,Equipar!F:F,A66) >0,COUNTIF('Set recomendado'!B:B,C66)=0), "Bloqueada", "Desechable")),"" ) -> Desechable | J66: {=IF(ISNUMBER(A66),IFERROR(_xlfn._xlws.FILTER(Equipar!A:A,(Equipar!B:B=3)*(Equipar!AC:AC=A66)),""),"")}
A67: 202 | B67: Épico | C67: Guardia contundente | D67: Saque | E67: Recepción | F67: Saque | I67: =IF(ISNUMBER(A67), IF(COUNTIFS(Equipar!B:B,3,Equipar!AC:AC,A67),"Equipada", IF( OR(COUNTIFS(Equipar!B:B,3,Equipar!C:C,A67) +COUNTIFS(Equipar!B:B,3,Equipar!D:D,A67) +COUNTIFS(Equipar!B:B,3,Equipar!E:E,A67) +COUNTIFS(Equipar!B:B,3,Equipar!F:F,A67) >0,COUNTIF('Set recomendado'!B:B,C67)=0), "Bloqueada", "Desechable")),"" ) -> Desechable | J67: {=IF(ISNUMBER(A67),IFERROR(_xlfn._xlws.FILTER(Equipar!A:A,(Equipar!B:B=3)*(Equipar!AC:AC=A67)),""),"")}
A68: 203 | B68: Épico | C68: Guardia contundente | D68: Saque | E68: Bloqueo | F68: Saque | I68: =IF(ISNUMBER(A68), IF(COUNTIFS(Equipar!B:B,3,Equipar!AC:AC,A68),"Equipada", IF( OR(COUNTIFS(Equipar!B:B,3,Equipar!C:C,A68) +COUNTIFS(Equipar!B:B,3,Equipar!D:D,A68) +COUNTIFS(Equipar!B:B,3,Equipar!E:E,A68) +COUNTIFS(Equipar!B:B,3,Equipar!F:F,A68) >0,COUNTIF('Set recomendado'!B:B,C68)=0), "Bloqueada", "Desechable")),"" ) -> Desechable | J68: {=IF(ISNUMBER(A68),IFERROR(_xlfn._xlws.FILTER(Equipar!A:A,(Equipar!B:B=3)*(Equipar!AC:AC=A68)),""),"")}
A69: 204 | B69: Épico | C69: Guardia contundente | D69: Saque | E69: Recepción | F69: Bloqueo | I69: =IF(ISNUMBER(A69), IF(COUNTIFS(Equipar!B:B,3,Equipar!AC:AC,A69),"Equipada", IF( OR(COUNTIFS(Equipar!B:B,3,Equipar!C:C,A69) +COUNTIFS(Equipar!B:B,3,Equipar!D:D,A69) +COUNTIFS(Equipar!B:B,3,Equipar!E:E,A69) +COUNTIFS(Equipar!B:B,3,Equipar!F:F,A69) >0,COUNTIF('Set recomendado'!B:B,C69)=0), "Bloqueada", "Desechable")),"" ) -> Desechable | J69: {=IF(ISNUMBER(A69),IFERROR(_xlfn._xlws.FILTER(Equipar!A:A,(Equipar!B:B=3)*(Equipar!AC:AC=A69)),""),"")}
A70: 205 | B70: Épico | C70: Guardia contundente | D70: Saque | E70: Saque | F70: Recepción | G70: Recuperación | I70: =IF(ISNUMBER(A70), IF(COUNTIFS(Equipar!B:B,3,Equipar!AC:AC,A70),"Equipada", IF( OR(COUNTIFS(Equipar!B:B,3,Equipar!C:C,A70) +COUNTIFS(Equipar!B:B,3,Equipar!D:D,A70) +COUNTIFS(Equipar!B:B,3,Equipar!E:E,A70) +COUNTIFS(Equipar!B:B,3,Equipar!F:F,A70) >0,COUNTIF('Set recomendado'!B:B,C70)=0), "Bloqueada", "Desechable")),"" ) -> Desechable | J70: {=IF(ISNUMBER(A70),IFERROR(_xlfn._xlws.FILTER(Equipar!A:A,(Equipar!B:B=3)*(Equipar!AC:AC=A70)),""),"")}
A71: 206 | B71: Épico | C71: Guardia contundente | D71: Saque | E71: Fuerza | F71: Colocación | I71: =IF(ISNUMBER(A71), IF(COUNTIFS(Equipar!B:B,3,Equipar!AC:AC,A71),"Equipada", IF( OR(COUNTIFS(Equipar!B:B,3,Equipar!C:C,A71) +COUNTIFS(Equipar!B:B,3,Equipar!D:D,A71) +COUNTIFS(Equipar!B:B,3,Equipar!E:E,A71) +COUNTIFS(Equipar!B:B,3,Equipar!F:F,A71) >0,COUNTIF('Set recomendado'!B:B,C71)=0), "Bloqueada", "Desechable")),"" ) -> Desechable | J71: {=IF(ISNUMBER(A71),IFERROR(_xlfn._xlws.FILTER(Equipar!A:A,(Equipar!B:B=3)*(Equipar!AC:AC=A71)),""),"")}
A72: 207 | B72: Épico | C72: Guardia contundente | D72: Saque | E72: Saque | F72: Ataque rápido | G72: Recepción | I72: =IF(ISNUMBER(A72), IF(COUNTIFS(Equipar!B:B,3,Equipar!AC:AC,A72),"Equipada", IF( OR(COUNTIFS(Equipar!B:B,3,Equipar!C:C,A72) +COUNTIFS(Equipar!B:B,3,Equipar!D:D,A72) +COUNTIFS(Equipar!B:B,3,Equipar!E:E,A72) +COUNTIFS(Equipar!B:B,3,Equipar!F:F,A72) >0,COUNTIF('Set recomendado'!B:B,C72)=0), "Bloqueada", "Desechable")),"" ) -> Desechable | J72: {=IF(ISNUMBER(A72),IFERROR(_xlfn._xlws.FILTER(Equipar!A:A,(Equipar!B:B=3)*(Equipar!AC:AC=A72)),""),"")}
A73: 208 | B73: Épico | C73: Guardia contundente | D73: Saque | E73: Recuperación | F73: Ataque rápido | I73: =IF(ISNUMBER(A73), IF(COUNTIFS(Equipar!B:B,3,Equipar!AC:AC,A73),"Equipada", IF( OR(COUNTIFS(Equipar!B:B,3,Equipar!C:C,A73) +COUNTIFS(Equipar!B:B,3,Equipar!D:D,A73) +COUNTIFS(Equipar!B:B,3,Equipar!E:E,A73) +COUNTIFS(Equipar!B:B,3,Equipar!F:F,A73) >0,COUNTIF('Set recomendado'!B:B,C73)=0), "Bloqueada", "Desechable")),"" ) -> Desechable | J73: {=IF(ISNUMBER(A73),IFERROR(_xlfn._xlws.FILTER(Equipar!A:A,(Equipar!B:B=3)*(Equipar!AC:AC=A73)),""),"")}
A74: 209 | B74: Épico | C74: Guardia contundente | D74: Saque | E74: Recepción | F74: Bloqueo | G74: Ataque poderoso | I74: =IF(ISNUMBER(A74), IF(COUNTIFS(Equipar!B:B,3,Equipar!AC:AC,A74),"Equipada", IF( OR(COUNTIFS(Equipar!B:B,3,Equipar!C:C,A74) +COUNTIFS(Equipar!B:B,3,Equipar!D:D,A74) +COUNTIFS(Equipar!B:B,3,Equipar!E:E,A74) +COUNTIFS(Equipar!B:B,3,Equipar!F:F,A74) >0,COUNTIF('Set recomendado'!B:B,C74)=0), "Bloqueada", "Desechable")),"" ) -> Desechable | J74: {=IF(ISNUMBER(A74),IFERROR(_xlfn._xlws.FILTER(Equipar!A:A,(Equipar!B:B=3)*(Equipar!AC:AC=A74)),""),"")}
A75: 210 | B75: Épico | C75: Guardia contundente | D75: Saque | E75: Espíritu | F75: Bloqueo | I75: =IF(ISNUMBER(A75), IF(COUNTIFS(Equipar!B:B,3,Equipar!AC:AC,A75),"Equipada", IF( OR(COUNTIFS(Equipar!B:B,3,Equipar!C:C,A75) +COUNTIFS(Equipar!B:B,3,Equipar!D:D,A75) +COUNTIFS(Equipar!B:B,3,Equipar!E:E,A75) +COUNTIFS(Equipar!B:B,3,Equipar!F:F,A75) >0,COUNTIF('Set recomendado'!B:B,C75)=0), "Bloqueada", "Desechable")),"" ) -> Desechable | J75: {=IF(ISNUMBER(A75),IFERROR(_xlfn._xlws.FILTER(Equipar!A:A,(Equipar!B:B=3)*(Equipar!AC:AC=A75)),""),"")}
A76: 211 | B76: Épico | C76: Guardia contundente | D76: Saque | E76: Ataque poderoso | F76: Bloqueo | I76: =IF(ISNUMBER(A76), IF(COUNTIFS(Equipar!B:B,3,Equipar!AC:AC,A76),"Equipada", IF( OR(COUNTIFS(Equipar!B:B,3,Equipar!C:C,A76) +COUNTIFS(Equipar!B:B,3,Equipar!D:D,A76) +COUNTIFS(Equipar!B:B,3,Equipar!E:E,A76) +COUNTIFS(Equipar!B:B,3,Equipar!F:F,A76) >0,COUNTIF('Set recomendado'!B:B,C76)=0), "Bloqueada", "Desechable")),"" ) -> Desechable | J76: {=IF(ISNUMBER(A76),IFERROR(_xlfn._xlws.FILTER(Equipar!A:A,(Equipar!B:B=3)*(Equipar!AC:AC=A76)),""),"")}
A77: 212 | B77: Épico | C77: Guardia contundente | D77: Saque | E77: Ataque poderoso | F77: Recepción | I77: =IF(ISNUMBER(A77), IF(COUNTIFS(Equipar!B:B,3,Equipar!AC:AC,A77),"Equipada", IF( OR(COUNTIFS(Equipar!B:B,3,Equipar!C:C,A77) +COUNTIFS(Equipar!B:B,3,Equipar!D:D,A77) +COUNTIFS(Equipar!B:B,3,Equipar!E:E,A77) +COUNTIFS(Equipar!B:B,3,Equipar!F:F,A77) >0,COUNTIF('Set recomendado'!B:B,C77)=0), "Bloqueada", "Desechable")),"" ) -> Desechable | J77: {=IF(ISNUMBER(A77),IFERROR(_xlfn._xlws.FILTER(Equipar!A:A,(Equipar!B:B=3)*(Equipar!AC:AC=A77)),""),"")}
A78: 213 | B78: Épico | C78: Guardia contundente | D78: Saque | E78: Saque | F78: Ataque rápido | I78: =IF(ISNUMBER(A78), IF(COUNTIFS(Equipar!B:B,3,Equipar!AC:AC,A78),"Equipada", IF( OR(COUNTIFS(Equipar!B:B,3,Equipar!C:C,A78) +COUNTIFS(Equipar!B:B,3,Equipar!D:D,A78) +COUNTIFS(Equipar!B:B,3,Equipar!E:E,A78) +COUNTIFS(Equipar!B:B,3,Equipar!F:F,A78) >0,COUNTIF('Set recomendado'!B:B,C78)=0), "Bloqueada", "Desechable")),"" ) -> Desechable | J78: {=IF(ISNUMBER(A78),IFERROR(_xlfn._xlws.FILTER(Equipar!A:A,(Equipar!B:B=3)*(Equipar!AC:AC=A78)),""),"")}
A79: 214 | B79: Épico | C79: Opt. de estado | D79: Saque | E79: Espíritu | F79: Recuperación | G79: Ataque rápido | I79: =IF(ISNUMBER(A79), IF(COUNTIFS(Equipar!B:B,3,Equipar!AC:AC,A79),"Equipada", IF( OR(COUNTIFS(Equipar!B:B,3,Equipar!C:C,A79) +COUNTIFS(Equipar!B:B,3,Equipar!D:D,A79) +COUNTIFS(Equipar!B:B,3,Equipar!E:E,A79) +COUNTIFS(Equipar!B:B,3,Equipar!F:F,A79) >0,COUNTIF('Set recomendado'!B:B,C79)=0), "Bloqueada", "Desechable")),"" ) -> Desechable | J79: {=IF(ISNUMBER(A79),IFERROR(_xlfn._xlws.FILTER(Equipar!A:A,(Equipar!B:B=3)*(Equipar!AC:AC=A79)),""),"")}
A80: 215 | B80: Épico | C80: Opt. de estado | D80: Saque | E80: Saque | F80: Recepción | G80: Reflejos | I80: =IF(ISNUMBER(A80), IF(COUNTIFS(Equipar!B:B,3,Equipar!AC:AC,A80),"Equipada", IF( OR(COUNTIFS(Equipar!B:B,3,Equipar!C:C,A80) +COUNTIFS(Equipar!B:B,3,Equipar!D:D,A80) +COUNTIFS(Equipar!B:B,3,Equipar!E:E,A80) +COUNTIFS(Equipar!B:B,3,Equipar!F:F,A80) >0,COUNTIF('Set recomendado'!B:B,C80)=0), "Bloqueada", "Desechable")),"" ) -> Desechable | J80: {=IF(ISNUMBER(A80),IFERROR(_xlfn._xlws.FILTER(Equipar!A:A,(Equipar!B:B=3)*(Equipar!AC:AC=A80)),""),"")}
A81: 216 | B81: Épico | C81: Opt. de estado | D81: Saque | E81: Saque | F81: Bloqueo | G81: Recuperación | I81: =IF(ISNUMBER(A81), IF(COUNTIFS(Equipar!B:B,3,Equipar!AC:AC,A81),"Equipada", IF( OR(COUNTIFS(Equipar!B:B,3,Equipar!C:C,A81) +COUNTIFS(Equipar!B:B,3,Equipar!D:D,A81) +COUNTIFS(Equipar!B:B,3,Equipar!E:E,A81) +COUNTIFS(Equipar!B:B,3,Equipar!F:F,A81) >0,COUNTIF('Set recomendado'!B:B,C81)=0), "Bloqueada", "Desechable")),"" ) -> Desechable | J81: {=IF(ISNUMBER(A81),IFERROR(_xlfn._xlws.FILTER(Equipar!A:A,(Equipar!B:B=3)*(Equipar!AC:AC=A81)),""),"")}
A82: 217 | B82: Épico | C82: Opt. de estado | D82: Saque | E82: Saque | F82: Ataque rápido | G82: Recepción | H82: Ataque rápido | I82: =IF(ISNUMBER(A82), IF(COUNTIFS(Equipar!B:B,3,Equipar!AC:AC,A82),"Equipada", IF( OR(COUNTIFS(Equipar!B:B,3,Equipar!C:C,A82) +COUNTIFS(Equipar!B:B,3,Equipar!D:D,A82) +COUNTIFS(Equipar!B:B,3,Equipar!E:E,A82) +COUNTIFS(Equipar!B:B,3,Equipar!F:F,A82) >0,COUNTIF('Set recomendado'!B:B,C82)=0), "Bloqueada", "Desechable")),"" ) -> Desechable | J82: {=IF(ISNUMBER(A82),IFERROR(_xlfn._xlws.FILTER(Equipar!A:A,(Equipar!B:B=3)*(Equipar!AC:AC=A82)),""),"")}
A83: 218 | B83: Épico | C83: Opt. de estado | D83: Saque | E83: Colocación | F83: Recuperación | G83: Colocación | I83: =IF(ISNUMBER(A83), IF(COUNTIFS(Equipar!B:B,3,Equipar!AC:AC,A83),"Equipada", IF( OR(COUNTIFS(Equipar!B:B,3,Equipar!C:C,A83) +COUNTIFS(Equipar!B:B,3,Equipar!D:D,A83) +COUNTIFS(Equipar!B:B,3,Equipar!E:E,A83) +COUNTIFS(Equipar!B:B,3,Equipar!F:F,A83) >0,COUNTIF('Set recomendado'!B:B,C83)=0), "Bloqueada", "Desechable")),"" ) -> Desechable | J83: {=IF(ISNUMBER(A83),IFERROR(_xlfn._xlws.FILTER(Equipar!A:A,(Equipar!B:B=3)*(Equipar!AC:AC=A83)),""),"")}
A84: 219 | B84: Épico | C84: Opt. de estado | D84: Saque | E84: Ataque rápido | F84: Saque | I84: =IF(ISNUMBER(A84), IF(COUNTIFS(Equipar!B:B,3,Equipar!AC:AC,A84),"Equipada", IF( OR(COUNTIFS(Equipar!B:B,3,Equipar!C:C,A84) +COUNTIFS(Equipar!B:B,3,Equipar!D:D,A84) +COUNTIFS(Equipar!B:B,3,Equipar!E:E,A84) +COUNTIFS(Equipar!B:B,3,Equipar!F:F,A84) >0,COUNTIF('Set recomendado'!B:B,C84)=0), "Bloqueada", "Desechable")),"" ) -> Desechable | J84: {=IF(ISNUMBER(A84),IFERROR(_xlfn._xlws.FILTER(Equipar!A:A,(Equipar!B:B=3)*(Equipar!AC:AC=A84)),""),"")}
A85: 220 | B85: Épico | C85: Opt. de estado | D85: Saque | E85: Ataque poderoso | F85: Bloqueo | G85: Técnica defensiva | I85: =IF(ISNUMBER(A85), IF(COUNTIFS(Equipar!B:B,3,Equipar!AC:AC,A85),"Equipada", IF( OR(COUNTIFS(Equipar!B:B,3,Equipar!C:C,A85) +COUNTIFS(Equipar!B:B,3,Equipar!D:D,A85) +COUNTIFS(Equipar!B:B,3,Equipar!E:E,A85) +COUNTIFS(Equipar!B:B,3,Equipar!F:F,A85) >0,COUNTIF('Set recomendado'!B:B,C85)=0), "Bloqueada", "Desechable")),"" ) -> Desechable | J85: {=IF(ISNUMBER(A85),IFERROR(_xlfn._xlws.FILTER(Equipar!A:A,(Equipar!B:B=3)*(Equipar!AC:AC=A85)),""),"")}
A86: 221 | B86: Legendario | C86: Pase preciso | D86: Saque | E86: Técnica defensiva | F86: Colocación | G86: Ataque poderoso | I86: =IF(ISNUMBER(A86), IF(COUNTIFS(Equipar!B:B,3,Equipar!AC:AC,A86),"Equipada", IF( OR(COUNTIFS(Equipar!B:B,3,Equipar!C:C,A86) +COUNTIFS(Equipar!B:B,3,Equipar!D:D,A86) +COUNTIFS(Equipar!B:B,3,Equipar!E:E,A86) +COUNTIFS(Equipar!B:B,3,Equipar!F:F,A86) >0,COUNTIF('Set recomendado'!B:B,C86)=0), "Bloqueada", "Desechable")),"" ) -> Desechable | J86: {=IF(ISNUMBER(A86),IFERROR(_xlfn._xlws.FILTER(Equipar!A:A,(Equipar!B:B=3)*(Equipar!AC:AC=A86)),""),"")}
A87: 223 | B87: Legendario | C87: Sentido agudo | D87: Saque | E87: Bloqueo | F87: Reflejos | G87: Percepción | I87: =IF(ISNUMBER(A87), IF(COUNTIFS(Equipar!B:B,3,Equipar!AC:AC,A87),"Equipada", IF( OR(COUNTIFS(Equipar!B:B,3,Equipar!C:C,A87) +COUNTIFS(Equipar!B:B,3,Equipar!D:D,A87) +COUNTIFS(Equipar!B:B,3,Equipar!E:E,A87) +COUNTIFS(Equipar!B:B,3,Equipar!F:F,A87) >0,COUNTIF('Set recomendado'!B:B,C87)=0), "Bloqueada", "Desechable")),"" ) -> Desechable | J87: {=IF(ISNUMBER(A87),IFERROR(_xlfn._xlws.FILTER(Equipar!A:A,(Equipar!B:B=3)*(Equipar!AC:AC=A87)),""),"")}
A88: 224 | B88: Legendario | C88: Opt. de percepción | D88: Saque | E88: Recepción | F88: Colocación | G88: Ataque poderoso | I88: =IF(ISNUMBER(A88), IF(COUNTIFS(Equipar!B:B,3,Equipar!AC:AC,A88),"Equipada", IF( OR(COUNTIFS(Equipar!B:B,3,Equipar!C:C,A88) +COUNTIFS(Equipar!B:B,3,Equipar!D:D,A88) +COUNTIFS(Equipar!B:B,3,Equipar!E:E,A88) +COUNTIFS(Equipar!B:B,3,Equipar!F:F,A88) >0,COUNTIF('Set recomendado'!B:B,C88)=0), "Bloqueada", "Desechable")),"" ) -> Bloqueada | J88: {=IF(ISNUMBER(A88),IFERROR(_xlfn._xlws.FILTER(Equipar!A:A,(Equipar!B:B=3)*(Equipar!AC:AC=A88)),""),"")}
A89: 225 | B89: Épico | C89: Finta de colocador | D89: Saque | E89: Ataque poderoso | F89: Saque | G89: Ataque poderoso | I89: =IF(ISNUMBER(A89), IF(COUNTIFS(Equipar!B:B,3,Equipar!AC:AC,A89),"Equipada", IF( OR(COUNTIFS(Equipar!B:B,3,Equipar!C:C,A89) +COUNTIFS(Equipar!B:B,3,Equipar!D:D,A89) +COUNTIFS(Equipar!B:B,3,Equipar!E:E,A89) +COUNTIFS(Equipar!B:B,3,Equipar!F:F,A89) >0,COUNTIF('Set recomendado'!B:B,C89)=0), "Bloqueada", "Desechable")),"" ) -> Desechable | J89: {=IF(ISNUMBER(A89),IFERROR(_xlfn._xlws.FILTER(Equipar!A:A,(Equipar!B:B=3)*(Equipar!AC:AC=A89)),""),"")}
A90: 226 | B90: Épico | C90: Guardia contundente | D90: Saque | E90: Espíritu | F90: Recepción | I90: =IF(ISNUMBER(A90), IF(COUNTIFS(Equipar!B:B,3,Equipar!AC:AC,A90),"Equipada", IF( OR(COUNTIFS(Equipar!B:B,3,Equipar!C:C,A90) +COUNTIFS(Equipar!B:B,3,Equipar!D:D,A90) +COUNTIFS(Equipar!B:B,3,Equipar!E:E,A90) +COUNTIFS(Equipar!B:B,3,Equipar!F:F,A90) >0,COUNTIF('Set recomendado'!B:B,C90)=0), "Bloqueada", "Desechable")),"" ) -> Desechable | J90: {=IF(ISNUMBER(A90),IFERROR(_xlfn._xlws.FILTER(Equipar!A:A,(Equipar!B:B=3)*(Equipar!AC:AC=A90)),""),"")}
A91: 227 | B91: Épico | C91: Guardia contundente | D91: Saque | E91: Recepción | F91: Saque | I91: =IF(ISNUMBER(A91), IF(COUNTIFS(Equipar!B:B,3,Equipar!AC:AC,A91),"Equipada", IF( OR(COUNTIFS(Equipar!B:B,3,Equipar!C:C,A91) +COUNTIFS(Equipar!B:B,3,Equipar!D:D,A91) +COUNTIFS(Equipar!B:B,3,Equipar!E:E,A91) +COUNTIFS(Equipar!B:B,3,Equipar!F:F,A91) >0,COUNTIF('Set recomendado'!B:B,C91)=0), "Bloqueada", "Desechable")),"" ) -> Desechable | J91: {=IF(ISNUMBER(A91),IFERROR(_xlfn._xlws.FILTER(Equipar!A:A,(Equipar!B:B=3)*(Equipar!AC:AC=A91)),""),"")}
A92: 228 | B92: Épico | C92: Guardia contundente | D92: Saque | E92: Espíritu | F92: Recepción | I92: =IF(ISNUMBER(A92), IF(COUNTIFS(Equipar!B:B,3,Equipar!AC:AC,A92),"Equipada", IF( OR(COUNTIFS(Equipar!B:B,3,Equipar!C:C,A92) +COUNTIFS(Equipar!B:B,3,Equipar!D:D,A92) +COUNTIFS(Equipar!B:B,3,Equipar!E:E,A92) +COUNTIFS(Equipar!B:B,3,Equipar!F:F,A92) >0,COUNTIF('Set recomendado'!B:B,C92)=0), "Bloqueada", "Desechable")),"" ) -> Desechable | J92: {=IF(ISNUMBER(A92),IFERROR(_xlfn._xlws.FILTER(Equipar!A:A,(Equipar!B:B=3)*(Equipar!AC:AC=A92)),""),"")}
A93: 229 | B93: Épico | C93: Guardia contundente | D93: Saque | E93: Fuerza | F93: Ataque rápido | I93: =IF(ISNUMBER(A93), IF(COUNTIFS(Equipar!B:B,3,Equipar!AC:AC,A93),"Equipada", IF( OR(COUNTIFS(Equipar!B:B,3,Equipar!C:C,A93) +COUNTIFS(Equipar!B:B,3,Equipar!D:D,A93) +COUNTIFS(Equipar!B:B,3,Equipar!E:E,A93) +COUNTIFS(Equipar!B:B,3,Equipar!F:F,A93) >0,COUNTIF('Set recomendado'!B:B,C93)=0), "Bloqueada", "Desechable")),"" ) -> Desechable | J93: {=IF(ISNUMBER(A93),IFERROR(_xlfn._xlws.FILTER(Equipar!A:A,(Equipar!B:B=3)*(Equipar!AC:AC=A93)),""),"")}
A94: 230 | B94: Legendario | C94: Ataque veloz | D94: Saque | E94: Ataque rápido | F94: Recepción | G94: Reflejos | I94: =IF(ISNUMBER(A94), IF(COUNTIFS(Equipar!B:B,3,Equipar!AC:AC,A94),"Equipada", IF( OR(COUNTIFS(Equipar!B:B,3,Equipar!C:C,A94) +COUNTIFS(Equipar!B:B,3,Equipar!D:D,A94) +COUNTIFS(Equipar!B:B,3,Equipar!E:E,A94) +COUNTIFS(Equipar!B:B,3,Equipar!F:F,A94) >0,COUNTIF('Set recomendado'!B:B,C94)=0), "Bloqueada", "Desechable")),"" ) -> Desechable | J94: {=IF(ISNUMBER(A94),IFERROR(_xlfn._xlws.FILTER(Equipar!A:A,(Equipar!B:B=3)*(Equipar!AC:AC=A94)),""),"")}
A95: 231 | B95: Legendario | C95: Opt. de estado | D95: Saque | E95: Ataque rápido | F95: Bloqueo | G95: Fuerza | I95: =IF(ISNUMBER(A95), IF(COUNTIFS(Equipar!B:B,3,Equipar!AC:AC,A95),"Equipada", IF( OR(COUNTIFS(Equipar!B:B,3,Equipar!C:C,A95) +COUNTIFS(Equipar!B:B,3,Equipar!D:D,A95) +COUNTIFS(Equipar!B:B,3,Equipar!E:E,A95) +COUNTIFS(Equipar!B:B,3,Equipar!F:F,A95) >0,COUNTIF('Set recomendado'!B:B,C95)=0), "Bloqueada", "Desechable")),"" ) -> Desechable | J95: {=IF(ISNUMBER(A95),IFERROR(_xlfn._xlws.FILTER(Equipar!A:A,(Equipar!B:B=3)*(Equipar!AC:AC=A95)),""),"")}
A96: 232 | B96: Épico | C96: Finta de colocador | D96: Saque | E96: Recepción | F96: Ataque poderoso | G96: Ataque rápido | I96: =IF(ISNUMBER(A96), IF(COUNTIFS(Equipar!B:B,3,Equipar!AC:AC,A96),"Equipada", IF( OR(COUNTIFS(Equipar!B:B,3,Equipar!C:C,A96) +COUNTIFS(Equipar!B:B,3,Equipar!D:D,A96) +COUNTIFS(Equipar!B:B,3,Equipar!E:E,A96) +COUNTIFS(Equipar!B:B,3,Equipar!F:F,A96) >0,COUNTIF('Set recomendado'!B:B,C96)=0), "Bloqueada", "Desechable")),"" ) -> Desechable | J96: {=IF(ISNUMBER(A96),IFERROR(_xlfn._xlws.FILTER(Equipar!A:A,(Equipar!B:B=3)*(Equipar!AC:AC=A96)),""),"")}
A97: 233 | B97: Épico | C97: Guardia contundente | D97: Saque | E97: Recuperación | F97: Bloqueo | G97: Ataque rápido | I97: =IF(ISNUMBER(A97), IF(COUNTIFS(Equipar!B:B,3,Equipar!AC:AC,A97),"Equipada", IF( OR(COUNTIFS(Equipar!B:B,3,Equipar!C:C,A97) +COUNTIFS(Equipar!B:B,3,Equipar!D:D,A97) +COUNTIFS(Equipar!B:B,3,Equipar!E:E,A97) +COUNTIFS(Equipar!B:B,3,Equipar!F:F,A97) >0,COUNTIF('Set recomendado'!B:B,C97)=0), "Bloqueada", "Desechable")),"" ) -> Bloqueada | J97: {=IF(ISNUMBER(A97),IFERROR(_xlfn._xlws.FILTER(Equipar!A:A,(Equipar!B:B=3)*(Equipar!AC:AC=A97)),""),"")}
A98: 234 | B98: Épico | C98: Guardia contundente | D98: Saque | E98: Percepción | F98: Técnica defensiva | I98: =IF(ISNUMBER(A98), IF(COUNTIFS(Equipar!B:B,3,Equipar!AC:AC,A98),"Equipada", IF( OR(COUNTIFS(Equipar!B:B,3,Equipar!C:C,A98) +COUNTIFS(Equipar!B:B,3,Equipar!D:D,A98) +COUNTIFS(Equipar!B:B,3,Equipar!E:E,A98) +COUNTIFS(Equipar!B:B,3,Equipar!F:F,A98) >0,COUNTIF('Set recomendado'!B:B,C98)=0), "Bloqueada", "Desechable")),"" ) -> Desechable | J98: {=IF(ISNUMBER(A98),IFERROR(_xlfn._xlws.FILTER(Equipar!A:A,(Equipar!B:B=3)*(Equipar!AC:AC=A98)),""),"")}
A99: 235 | B99: Épico | C99: Guardia contundente | D99: Saque | E99: Recuperación | F99: Colocación | I99: =IF(ISNUMBER(A99), IF(COUNTIFS(Equipar!B:B,3,Equipar!AC:AC,A99),"Equipada", IF( OR(COUNTIFS(Equipar!B:B,3,Equipar!C:C,A99) +COUNTIFS(Equipar!B:B,3,Equipar!D:D,A99) +COUNTIFS(Equipar!B:B,3,Equipar!E:E,A99) +COUNTIFS(Equipar!B:B,3,Equipar!F:F,A99) >0,COUNTIF('Set recomendado'!B:B,C99)=0), "Bloqueada", "Desechable")),"" ) -> Desechable | J99: {=IF(ISNUMBER(A99),IFERROR(_xlfn._xlws.FILTER(Equipar!A:A,(Equipar!B:B=3)*(Equipar!AC:AC=A99)),""),"")}
A100: 236 | B100: Épico | C100: Guardia contundente | D100: Saque | E100: Ataque poderoso | F100: Fuerza | I100: =IF(ISNUMBER(A100), IF(COUNTIFS(Equipar!B:B,3,Equipar!AC:AC,A100),"Equipada", IF( OR(COUNTIFS(Equipar!B:B,3,Equipar!C:C,A100) +COUNTIFS(Equipar!B:B,3,Equipar!D:D,A100) +COUNTIFS(Equipar!B:B,3,Equipar!E:E,A100) +COUNTIFS(Equipar!B:B,3,Equipar!F:F,A100) >0,COUNTIF('Set recomendado'!B:B,C100)=0), "Bloqueada", "Desechable")),"" ) -> Desechable | J100: {=IF(ISNUMBER(A100),IFERROR(_xlfn._xlws.FILTER(Equipar!A:A,(Equipar!B:B=3)*(Equipar!AC:AC=A100)),""),"")}
...

Sheet Inventario4
A1: ID | B1: Calidad | C1: Tipo | D1: Main Stat | E1: Substat1 | F1: Substat2 | G1: Substat3 | H1: Substat4 | I1: Estado Act | J1: Jugador
A2: 8 | B2: Épico | C2: Poder vibrante | D2: Recepción | E2: Recepción | F2: Fuerza | I2: =IF(ISNUMBER(A2), IF(COUNTIFS(Equipar!B:B,4,Equipar!AC:AC,A2),"Equipada", IF( OR(COUNTIFS(Equipar!B:B,4,Equipar!C:C,A2) +COUNTIFS(Equipar!B:B,4,Equipar!D:D,A2) +COUNTIFS(Equipar!B:B,4,Equipar!E:E,A2) +COUNTIFS(Equipar!B:B,4,Equipar!F:F,A2) >0,COUNTIF('Set recomendado'!B:B,C2)=0), "Bloqueada", "Desechable")),"" ) -> Bloqueada | J2: {=IF(ISNUMBER(A2),IFERROR(_xlfn._xlws.FILTER(Equipar!A:A,(Equipar!B:B=4)*(Equipar!AC:AC=A2)),""),"")}
A3: 9 | B3: Épico | C3: Poder vibrante | D3: Recuperación | E3: Ataque poderoso | F3: Saque | G3: Técnica ofensiva | H3: Recuperación | I3: =IF(ISNUMBER(A3), IF(COUNTIFS(Equipar!B:B,4,Equipar!AC:AC,A3),"Equipada", IF( OR(COUNTIFS(Equipar!B:B,4,Equipar!C:C,A3) +COUNTIFS(Equipar!B:B,4,Equipar!D:D,A3) +COUNTIFS(Equipar!B:B,4,Equipar!E:E,A3) +COUNTIFS(Equipar!B:B,4,Equipar!F:F,A3) >0,COUNTIF('Set recomendado'!B:B,C3)=0), "Bloqueada", "Desechable")),"" ) -> Equipada | J3: {=IF(ISNUMBER(A3),IFERROR(_xlfn._xlws.FILTER(Equipar!A:A,(Equipar!B:B=4)*(Equipar!AC:AC=A3)),""),"")} -> Ojiro
A4: 12 | B4: Épico | C4: Poder vibrante | D4: Recepción | E4: Percepción | F4: Saque | I4: =IF(ISNUMBER(A4), IF(COUNTIFS(Equipar!B:B,4,Equipar!AC:AC,A4),"Equipada", IF( OR(COUNTIFS(Equipar!B:B,4,Equipar!C:C,A4) +COUNTIFS(Equipar!B:B,4,Equipar!D:D,A4) +COUNTIFS(Equipar!B:B,4,Equipar!E:E,A4) +COUNTIFS(Equipar!B:B,4,Equipar!F:F,A4) >0,COUNTIF('Set recomendado'!B:B,C4)=0), "Bloqueada", "Desechable")),"" ) -> Desechable | J4: {=IF(ISNUMBER(A4),IFERROR(_xlfn._xlws.FILTER(Equipar!A:A,(Equipar!B:B=4)*(Equipar!AC:AC=A4)),""),"")}
A5: 15 | B5: Épico | C5: Incremento de poder | D5: Espíritu | E5: Ataque poderoso | F5: Ataque rápido | G5: Saque | I5: =IF(ISNUMBER(A5), IF(COUNTIFS(Equipar!B:B,4,Equipar!AC:AC,A5),"Equipada", IF( OR(COUNTIFS(Equipar!B:B,4,Equipar!C:C,A5) +COUNTIFS(Equipar!B:B,4,Equipar!D:D,A5) +COUNTIFS(Equipar!B:B,4,Equipar!E:E,A5) +COUNTIFS(Equipar!B:B,4,Equipar!F:F,A5) >0,COUNTIF('Set recomendado'!B:B,C5)=0), "Bloqueada", "Desechable")),"" ) -> Bloqueada | J5: {=IF(ISNUMBER(A5),IFERROR(_xlfn._xlws.FILTER(Equipar!A:A,(Equipar!B:B=4)*(Equipar!AC:AC=A5)),""),"")}
A6: 17 | B6: Épico | C6: Incremento de poder | D6: Recepción | E6: Recepción | F6: Ataque poderoso | G6: Saque | H6: Espíritu | I6: =IF(ISNUMBER(A6), IF(COUNTIFS(Equipar!B:B,4,Equipar!AC:AC,A6),"Equipada", IF( OR(COUNTIFS(Equipar!B:B,4,Equipar!C:C,A6) +COUNTIFS(Equipar!B:B,4,Equipar!D:D,A6) +COUNTIFS(Equipar!B:B,4,Equipar!E:E,A6) +COUNTIFS(Equipar!B:B,4,Equipar!F:F,A6) >0,COUNTIF('Set recomendado'!B:B,C6)=0), "Bloqueada", "Desechable")),"" ) -> Equipada | J6: {=IF(ISNUMBER(A6),IFERROR(_xlfn._xlws.FILTER(Equipar!A:A,(Equipar!B:B=4)*(Equipar!AC:AC=A6)),""),"")} -> Tanaka
A7: 29 | B7: Legendario | C7: Saque preciso | D7: Recepción | E7: Saque | F7: Ataque poderoso | G7: Recuperación | H7: Colocación | I7: =IF(ISNUMBER(A7), IF(COUNTIFS(Equipar!B:B,4,Equipar!AC:AC,A7),"Equipada", IF( OR(COUNTIFS(Equipar!B:B,4,Equipar!C:C,A7) +COUNTIFS(Equipar!B:B,4,Equipar!D:D,A7) +COUNTIFS(Equipar!B:B,4,Equipar!E:E,A7) +COUNTIFS(Equipar!B:B,4,Equipar!F:F,A7) >0,COUNTIF('Set recomendado'!B:B,C7)=0), "Bloqueada", "Desechable")),"" ) -> Equipada | J7: {=IF(ISNUMBER(A7),IFERROR(_xlfn._xlws.FILTER(Equipar!A:A,(Equipar!B:B=4)*(Equipar!AC:AC=A7)),""),"")} -> Atsumu
A8: 30 | B8: Legendario | C8: Saque preciso | D8: Espíritu | E8: Ataque rápido | F8: Ataque poderoso | G8: Técnica ofensiva | H8: Colocación | I8: =IF(ISNUMBER(A8), IF(COUNTIFS(Equipar!B:B,4,Equipar!AC:AC,A8),"Equipada", IF( OR(COUNTIFS(Equipar!B:B,4,Equipar!C:C,A8) +COUNTIFS(Equipar!B:B,4,Equipar!D:D,A8) +COUNTIFS(Equipar!B:B,4,Equipar!E:E,A8) +COUNTIFS(Equipar!B:B,4,Equipar!F:F,A8) >0,COUNTIF('Set recomendado'!B:B,C8)=0), "Bloqueada", "Desechable")),"" ) -> Bloqueada | J8: {=IF(ISNUMBER(A8),IFERROR(_xlfn._xlws.FILTER(Equipar!A:A,(Equipar!B:B=4)*(Equipar!AC:AC=A8)),""),"")}
A9: 34 | B9: Épico | C9: Pase preciso | D9: Reflejos | E9: Fuerza | F9: Saque | G9: Saque | H9: Colocación | I9: =IF(ISNUMBER(A9), IF(COUNTIFS(Equipar!B:B,4,Equipar!AC:AC,A9),"Equipada", IF( OR(COUNTIFS(Equipar!B:B,4,Equipar!C:C,A9) +COUNTIFS(Equipar!B:B,4,Equipar!D:D,A9) +COUNTIFS(Equipar!B:B,4,Equipar!E:E,A9) +COUNTIFS(Equipar!B:B,4,Equipar!F:F,A9) >0,COUNTIF('Set recomendado'!B:B,C9)=0), "Bloqueada", "Desechable")),"" ) -> Equipada | J9: {=IF(ISNUMBER(A9),IFERROR(_xlfn._xlws.FILTER(Equipar!A:A,(Equipar!B:B=4)*(Equipar!AC:AC=A9)),""),"")} -> Oikawa
A10: 54 | B10: Épico | C10: Pase preciso | D10: Recepción | E10: Ataque poderoso | F10: Bloqueo | G10: Saque | I10: =IF(ISNUMBER(A10), IF(COUNTIFS(Equipar!B:B,4,Equipar!AC:AC,A10),"Equipada", IF( OR(COUNTIFS(Equipar!B:B,4,Equipar!C:C,A10) +COUNTIFS(Equipar!B:B,4,Equipar!D:D,A10) +COUNTIFS(Equipar!B:B,4,Equipar!E:E,A10) +COUNTIFS(Equipar!B:B,4,Equipar!F:F,A10) >0,COUNTIF('Set recomendado'!B:B,C10)=0), "Bloqueada", "Desechable")),"" ) -> Bloqueada | J10: {=IF(ISNUMBER(A10),IFERROR(_xlfn._xlws.FILTER(Equipar!A:A,(Equipar!B:B=4)*(Equipar!AC:AC=A10)),""),"")}
A11: 70 | B11: Épico | C11: Poder vibrante | D11: Recepción | E11: Recepción | F11: Recepción | I11: =IF(ISNUMBER(A11), IF(COUNTIFS(Equipar!B:B,4,Equipar!AC:AC,A11),"Equipada", IF( OR(COUNTIFS(Equipar!B:B,4,Equipar!C:C,A11) +COUNTIFS(Equipar!B:B,4,Equipar!D:D,A11) +COUNTIFS(Equipar!B:B,4,Equipar!E:E,A11) +COUNTIFS(Equipar!B:B,4,Equipar!F:F,A11) >0,COUNTIF('Set recomendado'!B:B,C11)=0), "Bloqueada", "Desechable")),"" ) -> Equipada | J11: {=IF(ISNUMBER(A11),IFERROR(_xlfn._xlws.FILTER(Equipar!A:A,(Equipar!B:B=4)*(Equipar!AC:AC=A11)),""),"")} -> Sakusa
A12: 71 | B12: Legendario | C12: Sentido agudo | D12: Recepción | E12: Bloqueo | F12: Recuperación | G12: Bloqueo | H12: Espíritu | I12: =IF(ISNUMBER(A12), IF(COUNTIFS(Equipar!B:B,4,Equipar!AC:AC,A12),"Equipada", IF( OR(COUNTIFS(Equipar!B:B,4,Equipar!C:C,A12) +COUNTIFS(Equipar!B:B,4,Equipar!D:D,A12) +COUNTIFS(Equipar!B:B,4,Equipar!E:E,A12) +COUNTIFS(Equipar!B:B,4,Equipar!F:F,A12) >0,COUNTIF('Set recomendado'!B:B,C12)=0), "Bloqueada", "Desechable")),"" ) -> Desechable | J12: {=IF(ISNUMBER(A12),IFERROR(_xlfn._xlws.FILTER(Equipar!A:A,(Equipar!B:B=4)*(Equipar!AC:AC=A12)),""),"")}
A13: 72 | B13: Legendario | C13: Ataque veloz | D13: Reflejos | E13: Bloqueo | F13: Colocación | G13: Recuperación | I13: =IF(ISNUMBER(A13), IF(COUNTIFS(Equipar!B:B,4,Equipar!AC:AC,A13),"Equipada", IF( OR(COUNTIFS(Equipar!B:B,4,Equipar!C:C,A13) +COUNTIFS(Equipar!B:B,4,Equipar!D:D,A13) +COUNTIFS(Equipar!B:B,4,Equipar!E:E,A13) +COUNTIFS(Equipar!B:B,4,Equipar!F:F,A13) >0,COUNTIF('Set recomendado'!B:B,C13)=0), "Bloqueada", "Desechable")),"" ) -> Desechable | J13: {=IF(ISNUMBER(A13),IFERROR(_xlfn._xlws.FILTER(Equipar!A:A,(Equipar!B:B=4)*(Equipar!AC:AC=A13)),""),"")}
A14: 75 | B14: Legendario | C14: Sentido agudo | D14: Bloqueo | E14: Bloqueo | F14: Ataque rápido | G14: Bloqueo | I14: =IF(ISNUMBER(A14), IF(COUNTIFS(Equipar!B:B,4,Equipar!AC:AC,A14),"Equipada", IF( OR(COUNTIFS(Equipar!B:B,4,Equipar!C:C,A14) +COUNTIFS(Equipar!B:B,4,Equipar!D:D,A14) +COUNTIFS(Equipar!B:B,4,Equipar!E:E,A14) +COUNTIFS(Equipar!B:B,4,Equipar!F:F,A14) >0,COUNTIF('Set recomendado'!B:B,C14)=0), "Bloqueada", "Desechable")),"" ) -> Equipada | J14: {=IF(ISNUMBER(A14),IFERROR(_xlfn._xlws.FILTER(Equipar!A:A,(Equipar!B:B=4)*(Equipar!AC:AC=A14)),""),"")} -> Hinata
A15: 76 | B15: Legendario | C15: Sentido agudo | D15: Bloqueo | E15: Ataque rápido | F15: Reflejos | G15: Colocación | I15: =IF(ISNUMBER(A15), IF(COUNTIFS(Equipar!B:B,4,Equipar!AC:AC,A15),"Equipada", IF( OR(COUNTIFS(Equipar!B:B,4,Equipar!C:C,A15) +COUNTIFS(Equipar!B:B,4,Equipar!D:D,A15) +COUNTIFS(Equipar!B:B,4,Equipar!E:E,A15) +COUNTIFS(Equipar!B:B,4,Equipar!F:F,A15) >0,COUNTIF('Set recomendado'!B:B,C15)=0), "Bloqueada", "Desechable")),"" ) -> Desechable | J15: {=IF(ISNUMBER(A15),IFERROR(_xlfn._xlws.FILTER(Equipar!A:A,(Equipar!B:B=4)*(Equipar!AC:AC=A15)),""),"")}
A16: 77 | B16: Legendario | C16: Sentido agudo | D16: Recepción | E16: Recuperación | F16: Recuperación | G16: Técnica defensiva | H16: Ataque rápido | I16: =IF(ISNUMBER(A16), IF(COUNTIFS(Equipar!B:B,4,Equipar!AC:AC,A16),"Equipada", IF( OR(COUNTIFS(Equipar!B:B,4,Equipar!C:C,A16) +COUNTIFS(Equipar!B:B,4,Equipar!D:D,A16) +COUNTIFS(Equipar!B:B,4,Equipar!E:E,A16) +COUNTIFS(Equipar!B:B,4,Equipar!F:F,A16) >0,COUNTIF('Set recomendado'!B:B,C16)=0), "Bloqueada", "Desechable")),"" ) -> Desechable | J16: {=IF(ISNUMBER(A16),IFERROR(_xlfn._xlws.FILTER(Equipar!A:A,(Equipar!B:B=4)*(Equipar!AC:AC=A16)),""),"")}
A17: 81 | B17: Épico | C17: Ataque veloz | D17: Bloqueo | E17: Ataque rápido | F17: Colocación | I17: =IF(ISNUMBER(A17), IF(COUNTIFS(Equipar!B:B,4,Equipar!AC:AC,A17),"Equipada", IF( OR(COUNTIFS(Equipar!B:B,4,Equipar!C:C,A17) +COUNTIFS(Equipar!B:B,4,Equipar!D:D,A17) +COUNTIFS(Equipar!B:B,4,Equipar!E:E,A17) +COUNTIFS(Equipar!B:B,4,Equipar!F:F,A17) >0,COUNTIF('Set recomendado'!B:B,C17)=0), "Bloqueada", "Desechable")),"" ) -> Bloqueada | J17: {=IF(ISNUMBER(A17),IFERROR(_xlfn._xlws.FILTER(Equipar!A:A,(Equipar!B:B=4)*(Equipar!AC:AC=A17)),""),"")}
A18: 91 | B18: Épico | C18: Ataque veloz | D18: Bloqueo | E18: Fuerza | F18: Bloqueo | I18: =IF(ISNUMBER(A18), IF(COUNTIFS(Equipar!B:B,4,Equipar!AC:AC,A18),"Equipada", IF( OR(COUNTIFS(Equipar!B:B,4,Equipar!C:C,A18) +COUNTIFS(Equipar!B:B,4,Equipar!D:D,A18) +COUNTIFS(Equipar!B:B,4,Equipar!E:E,A18) +COUNTIFS(Equipar!B:B,4,Equipar!F:F,A18) >0,COUNTIF('Set recomendado'!B:B,C18)=0), "Bloqueada", "Desechable")),"" ) -> Bloqueada | J18: {=IF(ISNUMBER(A18),IFERROR(_xlfn._xlws.FILTER(Equipar!A:A,(Equipar!B:B=4)*(Equipar!AC:AC=A18)),""),"")}
A19: 101 | B19: Épico | C19: Sentido agudo | D19: Recepción | E19: Bloqueo | F19: Ataque rápido | G19: Ataque rápido | I19: =IF(ISNUMBER(A19), IF(COUNTIFS(Equipar!B:B,4,Equipar!AC:AC,A19),"Equipada", IF( OR(COUNTIFS(Equipar!B:B,4,Equipar!C:C,A19) +COUNTIFS(Equipar!B:B,4,Equipar!D:D,A19) +COUNTIFS(Equipar!B:B,4,Equipar!E:E,A19) +COUNTIFS(Equipar!B:B,4,Equipar!F:F,A19) >0,COUNTIF('Set recomendado'!B:B,C19)=0), "Bloqueada", "Desechable")),"" ) -> Equipada | J19: {=IF(ISNUMBER(A19),IFERROR(_xlfn._xlws.FILTER(Equipar!A:A,(Equipar!B:B=4)*(Equipar!AC:AC=A19)),""),"")} -> Osamu
A20: 103 | B20: Legendario | C20: Movimiento de bloqueo | D20: Recuperación | E20: Ataque rápido | F20: Ataque rápido | G20: Recuperación | I20: =IF(ISNUMBER(A20), IF(COUNTIFS(Equipar!B:B,4,Equipar!AC:AC,A20),"Equipada", IF( OR(COUNTIFS(Equipar!B:B,4,Equipar!C:C,A20) +COUNTIFS(Equipar!B:B,4,Equipar!D:D,A20) +COUNTIFS(Equipar!B:B,4,Equipar!E:E,A20) +COUNTIFS(Equipar!B:B,4,Equipar!F:F,A20) >0,COUNTIF('Set recomendado'!B:B,C20)=0), "Bloqueada", "Desechable")),"" ) -> Desechable | J20: {=IF(ISNUMBER(A20),IFERROR(_xlfn._xlws.FILTER(Equipar!A:A,(Equipar!B:B=4)*(Equipar!AC:AC=A20)),""),"")}
A21: 104 | B21: Legendario | C21: Movimiento de bloqueo | D21: Recuperación | E21: Ataque rápido | F21: Recuperación | G21: Bloqueo | H21: Colocación | I21: =IF(ISNUMBER(A21), IF(COUNTIFS(Equipar!B:B,4,Equipar!AC:AC,A21),"Equipada", IF( OR(COUNTIFS(Equipar!B:B,4,Equipar!C:C,A21) +COUNTIFS(Equipar!B:B,4,Equipar!D:D,A21) +COUNTIFS(Equipar!B:B,4,Equipar!E:E,A21) +COUNTIFS(Equipar!B:B,4,Equipar!F:F,A21) >0,COUNTIF('Set recomendado'!B:B,C21)=0), "Bloqueada", "Desechable")),"" ) -> Desechable | J21: {=IF(ISNUMBER(A21),IFERROR(_xlfn._xlws.FILTER(Equipar!A:A,(Equipar!B:B=4)*(Equipar!AC:AC=A21)),""),"")}
A22: 113 | B22: Épico | C22: Bloque preciso | D22: Bloqueo | E22: Ataque rápido | F22: Bloqueo | G22: Reflejos | H22: Bloqueo | I22: =IF(ISNUMBER(A22), IF(COUNTIFS(Equipar!B:B,4,Equipar!AC:AC,A22),"Equipada", IF( OR(COUNTIFS(Equipar!B:B,4,Equipar!C:C,A22) +COUNTIFS(Equipar!B:B,4,Equipar!D:D,A22) +COUNTIFS(Equipar!B:B,4,Equipar!E:E,A22) +COUNTIFS(Equipar!B:B,4,Equipar!F:F,A22) >0,COUNTIF('Set recomendado'!B:B,C22)=0), "Bloqueada", "Desechable")),"" ) -> Equipada | J22: {=IF(ISNUMBER(A22),IFERROR(_xlfn._xlws.FILTER(Equipar!A:A,(Equipar!B:B=4)*(Equipar!AC:AC=A22)),""),"")} -> Hirugami
A23: 118 | B23: Épico | C23: Bloque preciso | D23: Reflejos | E23: Bloqueo | F23: Colocación | G23: Bloqueo | I23: =IF(ISNUMBER(A23), IF(COUNTIFS(Equipar!B:B,4,Equipar!AC:AC,A23),"Equipada", IF( OR(COUNTIFS(Equipar!B:B,4,Equipar!C:C,A23) +COUNTIFS(Equipar!B:B,4,Equipar!D:D,A23) +COUNTIFS(Equipar!B:B,4,Equipar!E:E,A23) +COUNTIFS(Equipar!B:B,4,Equipar!F:F,A23) >0,COUNTIF('Set recomendado'!B:B,C23)=0), "Bloqueada", "Desechable")),"" ) -> Equipada | J23: {=IF(ISNUMBER(A23),IFERROR(_xlfn._xlws.FILTER(Equipar!A:A,(Equipar!B:B=4)*(Equipar!AC:AC=A23)),""),"")} -> Suna
A24: 132 | B24: Épico | C24: Movimiento de bloqueo | D24: Bloqueo | E24: Bloqueo | F24: Fuerza | G24: Ataque poderoso | I24: =IF(ISNUMBER(A24), IF(COUNTIFS(Equipar!B:B,4,Equipar!AC:AC,A24),"Equipada", IF( OR(COUNTIFS(Equipar!B:B,4,Equipar!C:C,A24) +COUNTIFS(Equipar!B:B,4,Equipar!D:D,A24) +COUNTIFS(Equipar!B:B,4,Equipar!E:E,A24) +COUNTIFS(Equipar!B:B,4,Equipar!F:F,A24) >0,COUNTIF('Set recomendado'!B:B,C24)=0), "Bloqueada", "Desechable")),"" ) -> Desechable | J24: {=IF(ISNUMBER(A24),IFERROR(_xlfn._xlws.FILTER(Equipar!A:A,(Equipar!B:B=4)*(Equipar!AC:AC=A24)),""),"")}
A25: 133 | B25: Legendario | C25: Recepción suprema | D25: Bloqueo | E25: Ataque poderoso | F25: Ataque rápido | G25: Colocación | H25: Ataque rápido | I25: =IF(ISNUMBER(A25), IF(COUNTIFS(Equipar!B:B,4,Equipar!AC:AC,A25),"Equipada", IF( OR(COUNTIFS(Equipar!B:B,4,Equipar!C:C,A25) +COUNTIFS(Equipar!B:B,4,Equipar!D:D,A25) +COUNTIFS(Equipar!B:B,4,Equipar!E:E,A25) +COUNTIFS(Equipar!B:B,4,Equipar!F:F,A25) >0,COUNTIF('Set recomendado'!B:B,C25)=0), "Bloqueada", "Desechable")),"" ) -> Desechable | J25: {=IF(ISNUMBER(A25),IFERROR(_xlfn._xlws.FILTER(Equipar!A:A,(Equipar!B:B=4)*(Equipar!AC:AC=A25)),""),"")}
A26: 134 | B26: Legendario | C26: Recepción de asistencia | D26: Recuperación | E26: Ataque rápido | F26: Recepción | G26: Ataque rápido | H26: Bloqueo | I26: =IF(ISNUMBER(A26), IF(COUNTIFS(Equipar!B:B,4,Equipar!AC:AC,A26),"Equipada", IF( OR(COUNTIFS(Equipar!B:B,4,Equipar!C:C,A26) +COUNTIFS(Equipar!B:B,4,Equipar!D:D,A26) +COUNTIFS(Equipar!B:B,4,Equipar!E:E,A26) +COUNTIFS(Equipar!B:B,4,Equipar!F:F,A26) >0,COUNTIF('Set recomendado'!B:B,C26)=0), "Bloqueada", "Desechable")),"" ) -> Bloqueada | J26: {=IF(ISNUMBER(A26),IFERROR(_xlfn._xlws.FILTER(Equipar!A:A,(Equipar!B:B=4)*(Equipar!AC:AC=A26)),""),"")}
A27: 135 | B27: Legendario | C27: Recepción de asistencia | D27: Recepción | E27: Técnica ofensiva | F27: Ataque rápido | G27: Saque | I27: =IF(ISNUMBER(A27), IF(COUNTIFS(Equipar!B:B,4,Equipar!AC:AC,A27),"Equipada", IF( OR(COUNTIFS(Equipar!B:B,4,Equipar!C:C,A27) +COUNTIFS(Equipar!B:B,4,Equipar!D:D,A27) +COUNTIFS(Equipar!B:B,4,Equipar!E:E,A27) +COUNTIFS(Equipar!B:B,4,Equipar!F:F,A27) >0,COUNTIF('Set recomendado'!B:B,C27)=0), "Bloqueada", "Desechable")),"" ) -> Desechable | J27: {=IF(ISNUMBER(A27),IFERROR(_xlfn._xlws.FILTER(Equipar!A:A,(Equipar!B:B=4)*(Equipar!AC:AC=A27)),""),"")}
A28: 142 | B28: Legendario | C28: Recepción de asistencia | D28: Recuperación | E28: Ataque rápido | F28: Saque | G28: Recepción | H28: Espíritu | I28: =IF(ISNUMBER(A28), IF(COUNTIFS(Equipar!B:B,4,Equipar!AC:AC,A28),"Equipada", IF( OR(COUNTIFS(Equipar!B:B,4,Equipar!C:C,A28) +COUNTIFS(Equipar!B:B,4,Equipar!D:D,A28) +COUNTIFS(Equipar!B:B,4,Equipar!E:E,A28) +COUNTIFS(Equipar!B:B,4,Equipar!F:F,A28) >0,COUNTIF('Set recomendado'!B:B,C28)=0), "Bloqueada", "Desechable")),"" ) -> Equipada | J28: {=IF(ISNUMBER(A28),IFERROR(_xlfn._xlws.FILTER(Equipar!A:A,(Equipar!B:B=4)*(Equipar!AC:AC=A28)),""),"")} -> Nishinoya
A29: 143 | B29: Legendario | C29: Recepción suprema | D29: Espíritu | E29: Saque | F29: Ataque rápido | G29: Recepción | H29: Técnica ofensiva | I29: =IF(ISNUMBER(A29), IF(COUNTIFS(Equipar!B:B,4,Equipar!AC:AC,A29),"Equipada", IF( OR(COUNTIFS(Equipar!B:B,4,Equipar!C:C,A29) +COUNTIFS(Equipar!B:B,4,Equipar!D:D,A29) +COUNTIFS(Equipar!B:B,4,Equipar!E:E,A29) +COUNTIFS(Equipar!B:B,4,Equipar!F:F,A29) >0,COUNTIF('Set recomendado'!B:B,C29)=0), "Bloqueada", "Desechable")),"" ) -> Equipada | J29: {=IF(ISNUMBER(A29),IFERROR(_xlfn._xlws.FILTER(Equipar!A:A,(Equipar!B:B=4)*(Equipar!AC:AC=A29)),""),"")} -> Kita
A30: 146 | B30: Épico | C30: Recepción de asistencia | D30: Espíritu | E30: Recepción | F30: Recepción | G30: Saque | I30: =IF(ISNUMBER(A30), IF(COUNTIFS(Equipar!B:B,4,Equipar!AC:AC,A30),"Equipada", IF( OR(COUNTIFS(Equipar!B:B,4,Equipar!C:C,A30) +COUNTIFS(Equipar!B:B,4,Equipar!D:D,A30) +COUNTIFS(Equipar!B:B,4,Equipar!E:E,A30) +COUNTIFS(Equipar!B:B,4,Equipar!F:F,A30) >0,COUNTIF('Set recomendado'!B:B,C30)=0), "Bloqueada", "Desechable")),"" ) -> Equipada | J30: {=IF(ISNUMBER(A30),IFERROR(_xlfn._xlws.FILTER(Equipar!A:A,(Equipar!B:B=4)*(Equipar!AC:AC=A30)),""),"")} -> Akagi
A31: 147 | B31: Épico | C31: Recepción de asistencia | D31: Bloqueo | E31: Técnica defensiva | F31: Recuperación | I31: =IF(ISNUMBER(A31), IF(COUNTIFS(Equipar!B:B,4,Equipar!AC:AC,A31),"Equipada", IF( OR(COUNTIFS(Equipar!B:B,4,Equipar!C:C,A31) +COUNTIFS(Equipar!B:B,4,Equipar!D:D,A31) +COUNTIFS(Equipar!B:B,4,Equipar!E:E,A31) +COUNTIFS(Equipar!B:B,4,Equipar!F:F,A31) >0,COUNTIF('Set recomendado'!B:B,C31)=0), "Bloqueada", "Desechable")),"" ) -> Desechable | J31: {=IF(ISNUMBER(A31),IFERROR(_xlfn._xlws.FILTER(Equipar!A:A,(Equipar!B:B=4)*(Equipar!AC:AC=A31)),""),"")}
A32: 149 | B32: Legendario | C32: Movimiento de bloqueo | D32: Bloqueo | E32: Saque | F32: Saque | G32: Bloqueo | I32: =IF(ISNUMBER(A32), IF(COUNTIFS(Equipar!B:B,4,Equipar!AC:AC,A32),"Equipada", IF( OR(COUNTIFS(Equipar!B:B,4,Equipar!C:C,A32) +COUNTIFS(Equipar!B:B,4,Equipar!D:D,A32) +COUNTIFS(Equipar!B:B,4,Equipar!E:E,A32) +COUNTIFS(Equipar!B:B,4,Equipar!F:F,A32) >0,COUNTIF('Set recomendado'!B:B,C32)=0), "Bloqueada", "Desechable")),"" ) -> Bloqueada | J32: {=IF(ISNUMBER(A32),IFERROR(_xlfn._xlws.FILTER(Equipar!A:A,(Equipar!B:B=4)*(Equipar!AC:AC=A32)),""),"")}
A33: 150 | B33: Legendario | C33: Poder vibrante | D33: Recepción | E33: Saque | F33: Bloqueo | G33: Ataque poderoso | H33: Ataque rápido | I33: =IF(ISNUMBER(A33), IF(COUNTIFS(Equipar!B:B,4,Equipar!AC:AC,A33),"Equipada", IF( OR(COUNTIFS(Equipar!B:B,4,Equipar!C:C,A33) +COUNTIFS(Equipar!B:B,4,Equipar!D:D,A33) +COUNTIFS(Equipar!B:B,4,Equipar!E:E,A33) +COUNTIFS(Equipar!B:B,4,Equipar!F:F,A33) >0,COUNTIF('Set recomendado'!B:B,C33)=0), "Bloqueada", "Desechable")),"" ) -> Equipada | J33: {=IF(ISNUMBER(A33),IFERROR(_xlfn._xlws.FILTER(Equipar!A:A,(Equipar!B:B=4)*(Equipar!AC:AC=A33)),""),"")} -> Hoshiumi
A34: 151 | B34: Legendario | C34: Guardia contundente | D34: Espíritu | E34: Ataque poderoso | F34: Saque | G34: Bloqueo | H34: Saque | I34: =IF(ISNUMBER(A34), IF(COUNTIFS(Equipar!B:B,4,Equipar!AC:AC,A34),"Equipada", IF( OR(COUNTIFS(Equipar!B:B,4,Equipar!C:C,A34) +COUNTIFS(Equipar!B:B,4,Equipar!D:D,A34) +COUNTIFS(Equipar!B:B,4,Equipar!E:E,A34) +COUNTIFS(Equipar!B:B,4,Equipar!F:F,A34) >0,COUNTIF('Set recomendado'!B:B,C34)=0), "Bloqueada", "Desechable")),"" ) -> Desechable | J34: {=IF(ISNUMBER(A34),IFERROR(_xlfn._xlws.FILTER(Equipar!A:A,(Equipar!B:B=4)*(Equipar!AC:AC=A34)),""),"")}
A35: 154 | B35: Épico | C35: Poder vibrante | D35: Reflejos | E35: Ataque poderoso | F35: Bloqueo | G35: Percepción | I35: =IF(ISNUMBER(A35), IF(COUNTIFS(Equipar!B:B,4,Equipar!AC:AC,A35),"Equipada", IF( OR(COUNTIFS(Equipar!B:B,4,Equipar!C:C,A35) +COUNTIFS(Equipar!B:B,4,Equipar!D:D,A35) +COUNTIFS(Equipar!B:B,4,Equipar!E:E,A35) +COUNTIFS(Equipar!B:B,4,Equipar!F:F,A35) >0,COUNTIF('Set recomendado'!B:B,C35)=0), "Bloqueada", "Desechable")),"" ) -> Equipada | J35: {=IF(ISNUMBER(A35),IFERROR(_xlfn._xlws.FILTER(Equipar!A:A,(Equipar!B:B=4)*(Equipar!AC:AC=A35)),""),"")} -> Kyotani
A36: 155 | B36: Épico | C36: Ataque veloz | D36: Bloqueo | E36: Bloqueo | F36: Recepción | I36: =IF(ISNUMBER(A36), IF(COUNTIFS(Equipar!B:B,4,Equipar!AC:AC,A36),"Equipada", IF( OR(COUNTIFS(Equipar!B:B,4,Equipar!C:C,A36) +COUNTIFS(Equipar!B:B,4,Equipar!D:D,A36) +COUNTIFS(Equipar!B:B,4,Equipar!E:E,A36) +COUNTIFS(Equipar!B:B,4,Equipar!F:F,A36) >0,COUNTIF('Set recomendado'!B:B,C36)=0), "Bloqueada", "Desechable")),"" ) -> Desechable | J36: {=IF(ISNUMBER(A36),IFERROR(_xlfn._xlws.FILTER(Equipar!A:A,(Equipar!B:B=4)*(Equipar!AC:AC=A36)),""),"")}
A37: 156 | B37: Épico | C37: Recepción de asistencia | D37: Bloqueo | E37: Recuperación | F37: Ataque rápido | G37: Técnica defensiva | I37: =IF(ISNUMBER(A37), IF(COUNTIFS(Equipar!B:B,4,Equipar!AC:AC,A37),"Equipada", IF( OR(COUNTIFS(Equipar!B:B,4,Equipar!C:C,A37) +COUNTIFS(Equipar!B:B,4,Equipar!D:D,A37) +COUNTIFS(Equipar!B:B,4,Equipar!E:E,A37) +COUNTIFS(Equipar!B:B,4,Equipar!F:F,A37) >0,COUNTIF('Set recomendado'!B:B,C37)=0), "Bloqueada", "Desechable")),"" ) -> Desechable | J37: {=IF(ISNUMBER(A37),IFERROR(_xlfn._xlws.FILTER(Equipar!A:A,(Equipar!B:B=4)*(Equipar!AC:AC=A37)),""),"")}
A38: 157 | B38: Épico | C38: Recepción de asistencia | D38: Espíritu | E38: Colocación | F38: Ataque poderoso | G38: Ataque rápido | I38: =IF(ISNUMBER(A38), IF(COUNTIFS(Equipar!B:B,4,Equipar!AC:AC,A38),"Equipada", IF( OR(COUNTIFS(Equipar!B:B,4,Equipar!C:C,A38) +COUNTIFS(Equipar!B:B,4,Equipar!D:D,A38) +COUNTIFS(Equipar!B:B,4,Equipar!E:E,A38) +COUNTIFS(Equipar!B:B,4,Equipar!F:F,A38) >0,COUNTIF('Set recomendado'!B:B,C38)=0), "Bloqueada", "Desechable")),"" ) -> Desechable | J38: {=IF(ISNUMBER(A38),IFERROR(_xlfn._xlws.FILTER(Equipar!A:A,(Equipar!B:B=4)*(Equipar!AC:AC=A38)),""),"")}
A39: 158 | B39: Épico | C39: Pase preciso | D39: Reflejos | E39: Colocación | F39: Espíritu | G39: Recepción | I39: =IF(ISNUMBER(A39), IF(COUNTIFS(Equipar!B:B,4,Equipar!AC:AC,A39),"Equipada", IF( OR(COUNTIFS(Equipar!B:B,4,Equipar!C:C,A39) +COUNTIFS(Equipar!B:B,4,Equipar!D:D,A39) +COUNTIFS(Equipar!B:B,4,Equipar!E:E,A39) +COUNTIFS(Equipar!B:B,4,Equipar!F:F,A39) >0,COUNTIF('Set recomendado'!B:B,C39)=0), "Bloqueada", "Desechable")),"" ) -> Desechable | J39: {=IF(ISNUMBER(A39),IFERROR(_xlfn._xlws.FILTER(Equipar!A:A,(Equipar!B:B=4)*(Equipar!AC:AC=A39)),""),"")}
A40: 163 | B40: Épico | C40: Sentido agudo | D40: Espíritu | E40: Reflejos | F40: Recuperación | I40: =IF(ISNUMBER(A40), IF(COUNTIFS(Equipar!B:B,4,Equipar!AC:AC,A40),"Equipada", IF( OR(COUNTIFS(Equipar!B:B,4,Equipar!C:C,A40) +COUNTIFS(Equipar!B:B,4,Equipar!D:D,A40) +COUNTIFS(Equipar!B:B,4,Equipar!E:E,A40) +COUNTIFS(Equipar!B:B,4,Equipar!F:F,A40) >0,COUNTIF('Set recomendado'!B:B,C40)=0), "Bloqueada", "Desechable")),"" ) -> Desechable | J40: {=IF(ISNUMBER(A40),IFERROR(_xlfn._xlws.FILTER(Equipar!A:A,(Equipar!B:B=4)*(Equipar!AC:AC=A40)),""),"")}
A41: 164 | B41: Épico | C41: Sentido agudo | D41: Recuperación | E41: Recuperación | F41: Ataque poderoso | I41: =IF(ISNUMBER(A41), IF(COUNTIFS(Equipar!B:B,4,Equipar!AC:AC,A41),"Equipada", IF( OR(COUNTIFS(Equipar!B:B,4,Equipar!C:C,A41) +COUNTIFS(Equipar!B:B,4,Equipar!D:D,A41) +COUNTIFS(Equipar!B:B,4,Equipar!E:E,A41) +COUNTIFS(Equipar!B:B,4,Equipar!F:F,A41) >0,COUNTIF('Set recomendado'!B:B,C41)=0), "Bloqueada", "Desechable")),"" ) -> Desechable | J41: {=IF(ISNUMBER(A41),IFERROR(_xlfn._xlws.FILTER(Equipar!A:A,(Equipar!B:B=4)*(Equipar!AC:AC=A41)),""),"")}
A42: 165 | B42: Épico | C42: Movimiento de bloqueo | D42: Bloqueo | E42: Recepción | F42: Saque | G42: Espíritu | I42: =IF(ISNUMBER(A42), IF(COUNTIFS(Equipar!B:B,4,Equipar!AC:AC,A42),"Equipada", IF( OR(COUNTIFS(Equipar!B:B,4,Equipar!C:C,A42) +COUNTIFS(Equipar!B:B,4,Equipar!D:D,A42) +COUNTIFS(Equipar!B:B,4,Equipar!E:E,A42) +COUNTIFS(Equipar!B:B,4,Equipar!F:F,A42) >0,COUNTIF('Set recomendado'!B:B,C42)=0), "Bloqueada", "Desechable")),"" ) -> Desechable | J42: {=IF(ISNUMBER(A42),IFERROR(_xlfn._xlws.FILTER(Equipar!A:A,(Equipar!B:B=4)*(Equipar!AC:AC=A42)),""),"")}
A43: 166 | B43: Legendario | C43: Potenciación de la moral | D43: Recepción | E43: Saque | F43: Ataque poderoso | G43: Colocación | I43: =IF(ISNUMBER(A43), IF(COUNTIFS(Equipar!B:B,4,Equipar!AC:AC,A43),"Equipada", IF( OR(COUNTIFS(Equipar!B:B,4,Equipar!C:C,A43) +COUNTIFS(Equipar!B:B,4,Equipar!D:D,A43) +COUNTIFS(Equipar!B:B,4,Equipar!E:E,A43) +COUNTIFS(Equipar!B:B,4,Equipar!F:F,A43) >0,COUNTIF('Set recomendado'!B:B,C43)=0), "Bloqueada", "Desechable")),"" ) -> Equipada | J43: {=IF(ISNUMBER(A43),IFERROR(_xlfn._xlws.FILTER(Equipar!A:A,(Equipar!B:B=4)*(Equipar!AC:AC=A43)),""),"")} -> Yamamoto
A44: 167 | B44: Épico | C44: Opt. de percepción | D44: Bloqueo | E44: Recepción | F44: Ataque poderoso | I44: =IF(ISNUMBER(A44), IF(COUNTIFS(Equipar!B:B,4,Equipar!AC:AC,A44),"Equipada", IF( OR(COUNTIFS(Equipar!B:B,4,Equipar!C:C,A44) +COUNTIFS(Equipar!B:B,4,Equipar!D:D,A44) +COUNTIFS(Equipar!B:B,4,Equipar!E:E,A44) +COUNTIFS(Equipar!B:B,4,Equipar!F:F,A44) >0,COUNTIF('Set recomendado'!B:B,C44)=0), "Bloqueada", "Desechable")),"" ) -> Bloqueada | J44: {=IF(ISNUMBER(A44),IFERROR(_xlfn._xlws.FILTER(Equipar!A:A,(Equipar!B:B=4)*(Equipar!AC:AC=A44)),""),"")}
A45: 168 | B45: Épico | C45: Finta de colocador | D45: Bloqueo | E45: Espíritu | F45: Técnica defensiva | I45: =IF(ISNUMBER(A45), IF(COUNTIFS(Equipar!B:B,4,Equipar!AC:AC,A45),"Equipada", IF( OR(COUNTIFS(Equipar!B:B,4,Equipar!C:C,A45) +COUNTIFS(Equipar!B:B,4,Equipar!D:D,A45) +COUNTIFS(Equipar!B:B,4,Equipar!E:E,A45) +COUNTIFS(Equipar!B:B,4,Equipar!F:F,A45) >0,COUNTIF('Set recomendado'!B:B,C45)=0), "Bloqueada", "Desechable")),"" ) -> Desechable | J45: {=IF(ISNUMBER(A45),IFERROR(_xlfn._xlws.FILTER(Equipar!A:A,(Equipar!B:B=4)*(Equipar!AC:AC=A45)),""),"")}
A46: 169 | B46: Épico | C46: Opt. de estado | D46: Recuperación | E46: Ataque rápido | F46: Colocación | I46: =IF(ISNUMBER(A46), IF(COUNTIFS(Equipar!B:B,4,Equipar!AC:AC,A46),"Equipada", IF( OR(COUNTIFS(Equipar!B:B,4,Equipar!C:C,A46) +COUNTIFS(Equipar!B:B,4,Equipar!D:D,A46) +COUNTIFS(Equipar!B:B,4,Equipar!E:E,A46) +COUNTIFS(Equipar!B:B,4,Equipar!F:F,A46) >0,COUNTIF('Set recomendado'!B:B,C46)=0), "Bloqueada", "Desechable")),"" ) -> Desechable | J46: {=IF(ISNUMBER(A46),IFERROR(_xlfn._xlws.FILTER(Equipar!A:A,(Equipar!B:B=4)*(Equipar!AC:AC=A46)),""),"")}
A47: 171 | B47: Legendario | C47: Opt. de percepción | D47: Recuperación | E47: Bloqueo | F47: Recepción | G47: Bloqueo | H47: Ataque rápido | I47: =IF(ISNUMBER(A47), IF(COUNTIFS(Equipar!B:B,4,Equipar!AC:AC,A47),"Equipada", IF( OR(COUNTIFS(Equipar!B:B,4,Equipar!C:C,A47) +COUNTIFS(Equipar!B:B,4,Equipar!D:D,A47) +COUNTIFS(Equipar!B:B,4,Equipar!E:E,A47) +COUNTIFS(Equipar!B:B,4,Equipar!F:F,A47) >0,COUNTIF('Set recomendado'!B:B,C47)=0), "Bloqueada", "Desechable")),"" ) -> Bloqueada | J47: {=IF(ISNUMBER(A47),IFERROR(_xlfn._xlws.FILTER(Equipar!A:A,(Equipar!B:B=4)*(Equipar!AC:AC=A47)),""),"")}
A48: 172 | B48: Legendario | C48: Opt. de percepción | D48: Reflejos | E48: Colocación | F48: Espíritu | G48: Fuerza | H48: Bloqueo | I48: =IF(ISNUMBER(A48), IF(COUNTIFS(Equipar!B:B,4,Equipar!AC:AC,A48),"Equipada", IF( OR(COUNTIFS(Equipar!B:B,4,Equipar!C:C,A48) +COUNTIFS(Equipar!B:B,4,Equipar!D:D,A48) +COUNTIFS(Equipar!B:B,4,Equipar!E:E,A48) +COUNTIFS(Equipar!B:B,4,Equipar!F:F,A48) >0,COUNTIF('Set recomendado'!B:B,C48)=0), "Bloqueada", "Desechable")),"" ) -> Bloqueada | J48: {=IF(ISNUMBER(A48),IFERROR(_xlfn._xlws.FILTER(Equipar!A:A,(Equipar!B:B=4)*(Equipar!AC:AC=A48)),""),"")}
A49: 173 | B49: Legendario | C49: Opt. de percepción | D49: Espíritu | E49: Recepción | F49: Ataque rápido | G49: Técnica ofensiva | I49: =IF(ISNUMBER(A49), IF(COUNTIFS(Equipar!B:B,4,Equipar!AC:AC,A49),"Equipada", IF( OR(COUNTIFS(Equipar!B:B,4,Equipar!C:C,A49) +COUNTIFS(Equipar!B:B,4,Equipar!D:D,A49) +COUNTIFS(Equipar!B:B,4,Equipar!E:E,A49) +COUNTIFS(Equipar!B:B,4,Equipar!F:F,A49) >0,COUNTIF('Set recomendado'!B:B,C49)=0), "Bloqueada", "Desechable")),"" ) -> Bloqueada | J49: {=IF(ISNUMBER(A49),IFERROR(_xlfn._xlws.FILTER(Equipar!A:A,(Equipar!B:B=4)*(Equipar!AC:AC=A49)),""),"")}
A50: 174 | B50: Épico | C50: Opt. de percepción | D50: Recuperación | E50: Ataque rápido | F50: Bloqueo | G50: Ataque poderoso | I50: =IF(ISNUMBER(A50), IF(COUNTIFS(Equipar!B:B,4,Equipar!AC:AC,A50),"Equipada", IF( OR(COUNTIFS(Equipar!B:B,4,Equipar!C:C,A50) +COUNTIFS(Equipar!B:B,4,Equipar!D:D,A50) +COUNTIFS(Equipar!B:B,4,Equipar!E:E,A50) +COUNTIFS(Equipar!B:B,4,Equipar!F:F,A50) >0,COUNTIF('Set recomendado'!B:B,C50)=0), "Bloqueada", "Desechable")),"" ) -> Bloqueada | J50: {=IF(ISNUMBER(A50),IFERROR(_xlfn._xlws.FILTER(Equipar!A:A,(Equipar!B:B=4)*(Equipar!AC:AC=A50)),""),"")}
A51: 175 | B51: Épico | C51: Opt. de percepción | D51: Recepción | E51: Percepción | F51: Bloqueo | I51: =IF(ISNUMBER(A51), IF(COUNTIFS(Equipar!B:B,4,Equipar!AC:AC,A51),"Equipada", IF( OR(COUNTIFS(Equipar!B:B,4,Equipar!C:C,A51) +COUNTIFS(Equipar!B:B,4,Equipar!D:D,A51) +COUNTIFS(Equipar!B:B,4,Equipar!E:E,A51) +COUNTIFS(Equipar!B:B,4,Equipar!F:F,A51) >0,COUNTIF('Set recomendado'!B:B,C51)=0), "Bloqueada", "Desechable")),"" ) -> Bloqueada | J51: {=IF(ISNUMBER(A51),IFERROR(_xlfn._xlws.FILTER(Equipar!A:A,(Equipar!B:B=4)*(Equipar!AC:AC=A51)),""),"")}
A52: 176 | B52: Épico | C52: Opt. de percepción | D52: Bloqueo | E52: Ataque rápido | F52: Bloqueo | I52: =IF(ISNUMBER(A52), IF(COUNTIFS(Equipar!B:B,4,Equipar!AC:AC,A52),"Equipada", IF( OR(COUNTIFS(Equipar!B:B,4,Equipar!C:C,A52) +COUNTIFS(Equipar!B:B,4,Equipar!D:D,A52) +COUNTIFS(Equipar!B:B,4,Equipar!E:E,A52) +COUNTIFS(Equipar!B:B,4,Equipar!F:F,A52) >0,COUNTIF('Set recomendado'!B:B,C52)=0), "Bloqueada", "Desechable")),"" ) -> Bloqueada | J52: {=IF(ISNUMBER(A52),IFERROR(_xlfn._xlws.FILTER(Equipar!A:A,(Equipar!B:B=4)*(Equipar!AC:AC=A52)),""),"")}
